"","Indiv","haplo.x_Mnov_gtseq_10","haplo.y_Mnov_gtseq_10","haplo.x_Mnov_gtseq_106","haplo.y_Mnov_gtseq_106","haplo.x_Mnov_gtseq_110","haplo.y_Mnov_gtseq_110","haplo.x_Mnov_gtseq_113","haplo.y_Mnov_gtseq_113","haplo.x_Mnov_gtseq_114","haplo.y_Mnov_gtseq_114","haplo.x_Mnov_gtseq_12","haplo.y_Mnov_gtseq_12","haplo.x_Mnov_gtseq_124","haplo.y_Mnov_gtseq_124","haplo.x_Mnov_gtseq_127","haplo.y_Mnov_gtseq_127","haplo.x_Mnov_gtseq_128","haplo.y_Mnov_gtseq_128","haplo.x_Mnov_gtseq_130","haplo.y_Mnov_gtseq_130","haplo.x_Mnov_gtseq_143","haplo.y_Mnov_gtseq_143","haplo.x_Mnov_gtseq_144","haplo.y_Mnov_gtseq_144","haplo.x_Mnov_gtseq_145","haplo.y_Mnov_gtseq_145","haplo.x_Mnov_gtseq_146","haplo.y_Mnov_gtseq_146","haplo.x_Mnov_gtseq_149","haplo.y_Mnov_gtseq_149","haplo.x_Mnov_gtseq_15","haplo.y_Mnov_gtseq_15","haplo.x_Mnov_gtseq_154","haplo.y_Mnov_gtseq_154","haplo.x_Mnov_gtseq_16","haplo.y_Mnov_gtseq_16","haplo.x_Mnov_gtseq_17","haplo.y_Mnov_gtseq_17","haplo.x_Mnov_gtseq_170","haplo.y_Mnov_gtseq_170","haplo.x_Mnov_gtseq_171","haplo.y_Mnov_gtseq_171","haplo.x_Mnov_gtseq_174","haplo.y_Mnov_gtseq_174","haplo.x_Mnov_gtseq_177","haplo.y_Mnov_gtseq_177","haplo.x_Mnov_gtseq_181","haplo.y_Mnov_gtseq_181","haplo.x_Mnov_gtseq_186","haplo.y_Mnov_gtseq_186","haplo.x_Mnov_gtseq_187","haplo.y_Mnov_gtseq_187","haplo.x_Mnov_gtseq_188","haplo.y_Mnov_gtseq_188","haplo.x_Mnov_gtseq_19","haplo.y_Mnov_gtseq_19","haplo.x_Mnov_gtseq_195","haplo.y_Mnov_gtseq_195","haplo.x_Mnov_gtseq_196","haplo.y_Mnov_gtseq_196","haplo.x_Mnov_gtseq_197","haplo.y_Mnov_gtseq_197","haplo.x_Mnov_gtseq_2","haplo.y_Mnov_gtseq_2","haplo.x_Mnov_gtseq_203","haplo.y_Mnov_gtseq_203","haplo.x_Mnov_gtseq_205","haplo.y_Mnov_gtseq_205","haplo.x_Mnov_gtseq_21","haplo.y_Mnov_gtseq_21","haplo.x_Mnov_gtseq_210","haplo.y_Mnov_gtseq_210","haplo.x_Mnov_gtseq_214","haplo.y_Mnov_gtseq_214","haplo.x_Mnov_gtseq_217","haplo.y_Mnov_gtseq_217","haplo.x_Mnov_gtseq_219","haplo.y_Mnov_gtseq_219","haplo.x_Mnov_gtseq_220","haplo.y_Mnov_gtseq_220","haplo.x_Mnov_gtseq_232","haplo.y_Mnov_gtseq_232","haplo.x_Mnov_gtseq_235","haplo.y_Mnov_gtseq_235","haplo.x_Mnov_gtseq_237","haplo.y_Mnov_gtseq_237","haplo.x_Mnov_gtseq_239","haplo.y_Mnov_gtseq_239","haplo.x_Mnov_gtseq_241","haplo.y_Mnov_gtseq_241","haplo.x_Mnov_gtseq_243","haplo.y_Mnov_gtseq_243","haplo.x_Mnov_gtseq_244","haplo.y_Mnov_gtseq_244","haplo.x_Mnov_gtseq_247","haplo.y_Mnov_gtseq_247","haplo.x_Mnov_gtseq_254","haplo.y_Mnov_gtseq_254","haplo.x_Mnov_gtseq_255","haplo.y_Mnov_gtseq_255","haplo.x_Mnov_gtseq_261","haplo.y_Mnov_gtseq_261","haplo.x_Mnov_gtseq_265","haplo.y_Mnov_gtseq_265","haplo.x_Mnov_gtseq_268","haplo.y_Mnov_gtseq_268","haplo.x_Mnov_gtseq_27","haplo.y_Mnov_gtseq_27","haplo.x_Mnov_gtseq_270","haplo.y_Mnov_gtseq_270","haplo.x_Mnov_gtseq_273","haplo.y_Mnov_gtseq_273","haplo.x_Mnov_gtseq_274","haplo.y_Mnov_gtseq_274","haplo.x_Mnov_gtseq_278","haplo.y_Mnov_gtseq_278","haplo.x_Mnov_gtseq_281","haplo.y_Mnov_gtseq_281","haplo.x_Mnov_gtseq_285","haplo.y_Mnov_gtseq_285","haplo.x_Mnov_gtseq_289","haplo.y_Mnov_gtseq_289","haplo.x_Mnov_gtseq_291","haplo.y_Mnov_gtseq_291","haplo.x_Mnov_gtseq_298","haplo.y_Mnov_gtseq_298","haplo.x_Mnov_gtseq_30","haplo.y_Mnov_gtseq_30","haplo.x_Mnov_gtseq_300","haplo.y_Mnov_gtseq_300","haplo.x_Mnov_gtseq_304","haplo.y_Mnov_gtseq_304","haplo.x_Mnov_gtseq_307","haplo.y_Mnov_gtseq_307","haplo.x_Mnov_gtseq_314","haplo.y_Mnov_gtseq_314","haplo.x_Mnov_gtseq_317","haplo.y_Mnov_gtseq_317","haplo.x_Mnov_gtseq_318","haplo.y_Mnov_gtseq_318","haplo.x_Mnov_gtseq_320","haplo.y_Mnov_gtseq_320","haplo.x_Mnov_gtseq_322","haplo.y_Mnov_gtseq_322","haplo.x_Mnov_gtseq_326","haplo.y_Mnov_gtseq_326","haplo.x_Mnov_gtseq_327","haplo.y_Mnov_gtseq_327","haplo.x_Mnov_gtseq_328","haplo.y_Mnov_gtseq_328","haplo.x_Mnov_gtseq_33","haplo.y_Mnov_gtseq_33","haplo.x_Mnov_gtseq_332","haplo.y_Mnov_gtseq_332","haplo.x_Mnov_gtseq_337","haplo.y_Mnov_gtseq_337","haplo.x_Mnov_gtseq_340","haplo.y_Mnov_gtseq_340","haplo.x_Mnov_gtseq_342","haplo.y_Mnov_gtseq_342","haplo.x_Mnov_gtseq_345","haplo.y_Mnov_gtseq_345","haplo.x_Mnov_gtseq_347","haplo.y_Mnov_gtseq_347","haplo.x_Mnov_gtseq_352","haplo.y_Mnov_gtseq_352","haplo.x_Mnov_gtseq_357","haplo.y_Mnov_gtseq_357","haplo.x_Mnov_gtseq_361","haplo.y_Mnov_gtseq_361","haplo.x_Mnov_gtseq_363","haplo.y_Mnov_gtseq_363","haplo.x_Mnov_gtseq_364","haplo.y_Mnov_gtseq_364","haplo.x_Mnov_gtseq_376","haplo.y_Mnov_gtseq_376","haplo.x_Mnov_gtseq_377","haplo.y_Mnov_gtseq_377","haplo.x_Mnov_gtseq_38","haplo.y_Mnov_gtseq_38","haplo.x_Mnov_gtseq_39","haplo.y_Mnov_gtseq_39","haplo.x_Mnov_gtseq_390","haplo.y_Mnov_gtseq_390","haplo.x_Mnov_gtseq_391","haplo.y_Mnov_gtseq_391","haplo.x_Mnov_gtseq_394","haplo.y_Mnov_gtseq_394","haplo.x_Mnov_gtseq_395","haplo.y_Mnov_gtseq_395","haplo.x_Mnov_gtseq_397","haplo.y_Mnov_gtseq_397","haplo.x_Mnov_gtseq_410","haplo.y_Mnov_gtseq_410","haplo.x_Mnov_gtseq_415","haplo.y_Mnov_gtseq_415","haplo.x_Mnov_gtseq_421","haplo.y_Mnov_gtseq_421","haplo.x_Mnov_gtseq_424","haplo.y_Mnov_gtseq_424","haplo.x_Mnov_gtseq_43","haplo.y_Mnov_gtseq_43","haplo.x_Mnov_gtseq_431","haplo.y_Mnov_gtseq_431","haplo.x_Mnov_gtseq_440","haplo.y_Mnov_gtseq_440","haplo.x_Mnov_gtseq_441","haplo.y_Mnov_gtseq_441","haplo.x_Mnov_gtseq_444","haplo.y_Mnov_gtseq_444","haplo.x_Mnov_gtseq_445","haplo.y_Mnov_gtseq_445","haplo.x_Mnov_gtseq_451","haplo.y_Mnov_gtseq_451","haplo.x_Mnov_gtseq_452","haplo.y_Mnov_gtseq_452","haplo.x_Mnov_gtseq_462","haplo.y_Mnov_gtseq_462","haplo.x_Mnov_gtseq_463","haplo.y_Mnov_gtseq_463","haplo.x_Mnov_gtseq_465","haplo.y_Mnov_gtseq_465","haplo.x_Mnov_gtseq_47","haplo.y_Mnov_gtseq_47","haplo.x_Mnov_gtseq_471","haplo.y_Mnov_gtseq_471","haplo.x_Mnov_gtseq_473","haplo.y_Mnov_gtseq_473","haplo.x_Mnov_gtseq_475","haplo.y_Mnov_gtseq_475","haplo.x_Mnov_gtseq_50","haplo.y_Mnov_gtseq_50","haplo.x_Mnov_gtseq_502","haplo.y_Mnov_gtseq_502","haplo.x_Mnov_gtseq_507","haplo.y_Mnov_gtseq_507","haplo.x_Mnov_gtseq_509","haplo.y_Mnov_gtseq_509","haplo.x_Mnov_gtseq_511","haplo.y_Mnov_gtseq_511","haplo.x_Mnov_gtseq_518","haplo.y_Mnov_gtseq_518","haplo.x_Mnov_gtseq_521","haplo.y_Mnov_gtseq_521","haplo.x_Mnov_gtseq_523","haplo.y_Mnov_gtseq_523","haplo.x_Mnov_gtseq_529","haplo.y_Mnov_gtseq_529","haplo.x_Mnov_gtseq_53","haplo.y_Mnov_gtseq_53","haplo.x_Mnov_gtseq_533","haplo.y_Mnov_gtseq_533","haplo.x_Mnov_gtseq_535","haplo.y_Mnov_gtseq_535","haplo.x_Mnov_gtseq_536","haplo.y_Mnov_gtseq_536","haplo.x_Mnov_gtseq_54","haplo.y_Mnov_gtseq_54","haplo.x_Mnov_gtseq_541","haplo.y_Mnov_gtseq_541","haplo.x_Mnov_gtseq_545","haplo.y_Mnov_gtseq_545","haplo.x_Mnov_gtseq_549","haplo.y_Mnov_gtseq_549","haplo.x_Mnov_gtseq_60","haplo.y_Mnov_gtseq_60","haplo.x_Mnov_gtseq_62","haplo.y_Mnov_gtseq_62","haplo.x_Mnov_gtseq_65","haplo.y_Mnov_gtseq_65","haplo.x_Mnov_gtseq_67","haplo.y_Mnov_gtseq_67","haplo.x_Mnov_gtseq_68","haplo.y_Mnov_gtseq_68","haplo.x_Mnov_gtseq_69","haplo.y_Mnov_gtseq_69","haplo.x_Mnov_gtseq_72","haplo.y_Mnov_gtseq_72","haplo.x_Mnov_gtseq_73","haplo.y_Mnov_gtseq_73","haplo.x_Mnov_gtseq_75","haplo.y_Mnov_gtseq_75","haplo.x_Mnov_gtseq_82","haplo.y_Mnov_gtseq_82","haplo.x_Mnov_gtseq_83","haplo.y_Mnov_gtseq_83","haplo.x_Mnov_gtseq_86","haplo.y_Mnov_gtseq_86","haplo.x_Mnov_gtseq_91","haplo.y_Mnov_gtseq_91","haplo.x_Mnov_gtseq_92","haplo.y_Mnov_gtseq_92","haplo.x_Mnov_gtseq_94","haplo.y_Mnov_gtseq_94"
"1","z0025439","A","G","A","A","A","N","G","T",NA,NA,NA,NA,"A","T","G","T","A","A","G","A","A","G","G","G",NA,NA,"C","C","T","C","A","G","G","T","G","A","A","G","G","T","C","C","G","A","C","C","G","G","C","C","T","T","G","T","C","T","C","G","G","G","G","T","G","N","A","T","G","A","C","T","C","N","T","C","A","X","C","N","A","G","G","A","C","T","A","G","C","A","C","T","C","A","C","C","C","C","C","A","G","T","C","C","A","G","G","G","C","T","G","A",NA,NA,"A","A","A","C","C","C","G","X","G","A","C","T","A","T","C","X","T","T",NA,NA,"G","A","T","C","C","N","C","A","G","G","G","C","T","A","T","C","C","A","T","C","A","G","A","G","G","T",NA,NA,"G","T","T","C","A","C","A","A","C","G","C","C","T","T","G","C","G","G","G","A","C","G",NA,NA,"A","A","T","C","G","A","T","C","G","A","C","T","C","C","C","A","C","T","A","C","G","N","T","C","C","T","C","A","A","G","T","T","C","C","T","C","A","G",NA,NA,"T","C","C","A","A","G","G","T","G","G",NA,NA,"G","T","T","G","G","G","G","G","C","N","G","A","T","C","G","N","A","C","A","G","C","C","T","C","A","G","G","G","A","G","G","X","G","T","G","A","T","C","C","A","C","T","A","G","G","A","T","C","T","C","G","A","G","G","T","A","G","N"
"2","z0012201","A","G",NA,NA,"A","C","G","G","C","N","T","C","A","A",NA,NA,"A","A","A","A","G","G",NA,NA,"C","T","C","C","T","C","A","G","G","G","G","N","A","G","G","N","C","C","G","N","C","C","G","G",NA,NA,NA,NA,"G","T","C","T","C","A","G","G","G","T",NA,NA,"A","T","G","C","C","T","C","C","T","N","A","G","N","C","G","A","T","G","C","A","A","G","C","N",NA,NA,"C","A","C","C","C","C","C","T","G","A","C","C","A","G","G","A","C","G","G","T","T","X",NA,NA,"A","A","C","N","G","T","G","T","C","A","A","A","C","C",NA,NA,"A","G","G","G","T","T","C","C",NA,NA,"G","A","G","A","T","T","T","G","C","T","T","T","A","G","A","G","G","T","A","A","G","N","T","C",NA,NA,"A","G",NA,NA,"C","G","T","G","G","G","G","C","G","A","C","T","G","G","G","G","T","T","G","A","T","A","A","G","C","T","G","G","T","C","C","C","A","G","A","A",NA,NA,"C","C","C","C","G","N","T","T","T","T","T","C","A","A","A","T","C","A","C","A",NA,NA,"G","G","G","G","G","G","G","T",NA,NA,"G","X",NA,NA,"C","N","G","G","T","C","G","N","A","G","A","A",NA,NA,"T","C","A","G","G","G","A","N","G","A","G","A","G","T","T","C","C","T","C","N","A","G","G","G","T","C","T","C","G","T","G","N","T","C","G","A"
"3","z0067213","A","G","G","A","A","C","A","T","N","C","T","A","G","G","G","G","T","T","G","G","G","N",NA,NA,"C","C",NA,NA,"T","C","A","A","G","A","G","G","A","G","G","A","C","C","G","G",NA,NA,"G","G","C","C",NA,NA,"G","N","C","T","C","C",NA,NA,"G","T","G","G","A","T","A","G","C","A","C","C","T","C","A","X","C","N","G","A","T","C","T","C","A","G","C","A","C","C","C","T","C","T","C","C","C","T","G","N","C","C","A","T","G","G","C","C","G","G","T","C",NA,NA,"A","G","C","T","G","G","G","A","C","T","A","A","C","C","T","C",NA,NA,"G","A","T","T","C","N","C","T","G","T","G","G","T","T","T","C","C","A","T","C","A","A","C","A","G","T","A","A","G","G","T","C","C","C","A","A","C","G","C","T","T","T","G","G","G","G","G","T",NA,NA,"G","G","G","G","C","C","G","A",NA,NA,"G","A","C","T","C","X",NA,NA,"C","N","A","A","A","G","C","C","C","C","G","G","G","T","T","T","T","T",NA,NA,"A","A","A","G","T","T","C","C","A","G","G","N","G","A","G","N","G","T","T","C","G","X","G","G","C","N","G","G","T","C","G","G","A","A","A","A","C","C","T","C","A","G","G","A","A","T","G","A","G","C","G","N","C","T","C","T","C","N","A","G","G","G","T","C",NA,NA,NA,NA,NA,NA,"T","A","G","G"
"4","z0030475","A","G","G","G","A","C","A","T",NA,NA,"T","C","G","G","G","T","T","T",NA,NA,"G","G",NA,NA,NA,NA,NA,NA,"T","C","A","A","G","G","G","G","A","A","G","T","C","C","G","G",NA,NA,NA,NA,NA,NA,NA,NA,"G","G","C","T","C","A",NA,NA,"G","G","G","A","A","T","A","G","C","T","C","C","T","C","A","X","C","N","G","N","T","C","T","C","A","G","C","C","C","N","C","T","C","C","C","C","C","T","G","T",NA,NA,"A","A",NA,NA,"C","T","G","G","T","T",NA,NA,"A","G","C","C","G","G","G","T","C","C","A","A","C","C","T","T",NA,NA,"G","G","T","T",NA,NA,"C","C","G","G","G","G","T","T","T","T","C","X","T","T","A","G","C","C","G","T",NA,NA,"G","G","T","T","C","A","A","A","C","C","C","A","T","T","G","A","G","G","G","A",NA,NA,"G","G","G","G",NA,NA,"G","N","T","T","G","G","C","T","C","C",NA,NA,"C","T",NA,NA,"A","A","C","T","C","C",NA,NA,"G","G","T","T",NA,NA,NA,NA,NA,NA,"A","N","T","T","C","C","A","A","G","A","G","G","G","G","G","T","T","T","G","X","G","G","C","N","G","A","T","T","G","G","A","A","A","A","C","C","T","C","A","A","G","G","A","G","G","G","G","A","G","T","C","T","C","T","C","N","A","G","G","N","T","C",NA,NA,"G","G",NA,NA,NA,NA,"G","A"
"5","z0032258","A","T",NA,NA,"A","C","G","T",NA,NA,"T","C","A","T","G","G","A","A","G","G","G","G",NA,NA,NA,NA,NA,NA,"T","T","A","T","G","G","G","T","A","G","G","A","C","C","G","A","C","C",NA,NA,"C","C",NA,NA,"G","T","C","T","C","G","G","N","G","G","G","G","A","T","A","A","C","T","C","C","T","T","C","C","C","N",NA,NA,"T","T","C","C","A","A","C","C","C","C","C","C","C","C","C","C","C","C","G","G","T","G","A","X",NA,NA,NA,NA,"G","G","T","T",NA,NA,"A","A","C","C","G","G","G","G","C","C","A","A","C","N","T","C","A","A","G","G","T","T","C","C","T","T","G","T","G","G","T","T","T","G",NA,NA,"T","C","A","A","A","G","G","A","A","A","G","A","T","T","A","G","A","A","C","G","C","A","T","T","G","G","G","G","G","T","C","A","G","G","A","A","T","T","G","A","T","T","G","G",NA,NA,"C","C","C","T","C","C","A","A","G","G","T","C","C","C","G","G","A","G",NA,NA,"T","T","T","C","A","G",NA,NA,"C","C","C","A",NA,NA,"G","G","G","A",NA,NA,"G","G","T","T","G","G","G","G","C","C","G","G","T","T","G","T","A","C","A","A",NA,NA,"T","C","A","A",NA,NA,"A","N","G","N","G","G","G","N","T","C","C","C","C","T","A","T","G","G","T","C","C","C","G","A","G","G","T","T","G","G"
"6","z0030424","A","G","A","T","A","T","G","N","N","C","T","G","A","G","G","T","A","A","G","G","G","G",NA,NA,NA,NA,NA,NA,"T","T","A","T","G","G","G","T","A","A","A","G","C","C","G","G",NA,NA,NA,NA,"C","C",NA,NA,"G","C","C","C","C","T","G","T","G","G","G","A","A","N","A","T","C","C","C","G",NA,NA,"C","C","C","N",NA,NA,"T","G","C","C","A","C","C","G","C","C","C","C","C","C","C","C","C","C","G","G","T","N","A","A",NA,NA,NA,NA,NA,NA,"T","T",NA,NA,"A","A","C","C","G","A","G","C","C","C","A","A","C","C","T","T","A","A","G","G","T","N",NA,NA,"T","T","G","T","G","A","T","T","T","C",NA,NA,"T","A","A","A","A","A","G","T","A","A","G","A","T","T","A","C",NA,NA,"T","T","C","C","T","T","G","G","G","A","G","N","C","G",NA,NA,"A","A","T","C",NA,NA,"T","C","G","G",NA,NA,"C","C","C","C","C","T","A","A",NA,NA,"T","T","C","C","G","G","A","G",NA,NA,NA,NA,"T","T",NA,NA,NA,NA,"C","C","C","C","A","A","G","G","G","G",NA,NA,"G","G","T","T","G","G","G","G","C","C","G","G","T","C","G","N","A","A","A","A",NA,NA,"T","N","A","A",NA,NA,"A","A","G","T","G","N","G","G","T","C","C","C","C","T","A","T","G","G","T","C","C","C","G","C","G","G","T","T","G","G"
"7","z0062886","A","A","G","G","A","C","A","T",NA,NA,"T","T","A","G","G","T","T","T",NA,NA,"G","G",NA,NA,"C","C",NA,NA,"T","T","A","G","G","T","G","G","A","G","G","A","C","N","G","T",NA,NA,"G","G","C","C",NA,NA,"G","G","C","G","C","C","G","G","G","G","G","G","A","T","A","G","C","T","C","N","T","T","A","A","C","N","G","A","T","T","C","T","A","G","C","C","C","N","C","C","C","C","C","C","C","T","G","G",NA,NA,"A","G","G","G","C","C","G","G","T","T",NA,NA,"A","C","C","C","G","N","G","G","C","T","A","A","C","C","T","T",NA,NA,"G","G","T","C","C","C","C","T","G","G","G","G","T","T","T","A","C","N","T","T","A","C","C","C","G","G","A","A","G","N","T","C","C","A","A","A","C","N","C","A","T","A","G","G","G","G","G","G",NA,NA,"G","C","G","G","C","C","G","N",NA,NA,"G","G","C","C","C","C",NA,NA,"C","T",NA,NA,"A","G","C","C","C","C","G","G","G","G","T","T","T","T",NA,NA,"A","A","A","A","T","T","C","T","A","A","G","T","G","G","G","N","G","G","T","T","G","C","G","G","C","N","G","G","T","T","G","G","A","A","A","G","C","C","T","A","A","A","G","G","A","N","G","G","G","N","G","T","C","A","C","C","C","N","A","G","G","C","T","C",NA,NA,"G","G",NA,NA,NA,NA,"G","N"
"8","z0011162","A","G","A","A","A","N","G","G",NA,NA,NA,NA,"A","A","G","A","A","A","G","G","A","G",NA,NA,NA,NA,NA,NA,"T","T","A","G","G","A","G","G","A","A","G","A","C","C","G","A",NA,NA,NA,NA,NA,NA,NA,NA,"G","G","C","T","C","C","G","G","G","A","G","A","A","T","G","A","C","C","C","T","T","T","A","X","N","C","G","A","T","T","C","T","A","G","C","N","C","N","C","C","C","C","C","C","C","T","G","G",NA,NA,"A","G","G","G","C","G","G","A",NA,NA,NA,NA,"A","A","C","C","G","A","G","T","C","C","A","A","C","C","T","C",NA,NA,"G","G","T","T",NA,NA,"C","C",NA,NA,"G","G","T","T","T","C","C","A","T","C","A","A","A","A","G","A",NA,NA,"G","N","T","C","A","C","A","T","C","N","C","G","T","T","G","A","G","G","G","A","C","T",NA,NA,"A","A","T","T","G","A","T","G",NA,NA,"C","T","C","C","C","C","C","C","A","A","A","A","T","C","C","C","C","C","A","G","T","G",NA,NA,"T","C",NA,NA,NA,NA,"T","C","C","C","A","G","G","X","G","A",NA,NA,"G","G",NA,NA,"G","C",NA,NA,"C","T","G","G","T","C","G","A","A","C","A","A","C","C","T","C","A","A",NA,NA,"A","G","G","T","G","N","G","A","T","G","C","T","C","N","A","G","G","C","T","C","T","C","G","G",NA,NA,"T","A","G","A"
"9","z0017317","G","A","A","A","A","C","G","T",NA,NA,NA,NA,"A","A","G","G","A","A","G","G","A","T",NA,NA,NA,NA,NA,NA,"T","A","A","T","G","G","G","G","A","G","G","A","C","C","G","T","C","C","G","G","C","C",NA,NA,"G","X","C","C","C","C","G","G","G","C","G","G","A","N","G","G","C","C","C","C","T","T","A","T","N","C","A","T","G","G","C","C","A","T","C","C","C","C","C","C","C","C","C","C","C","C","G","T","C","C","A","G","G","G","C","C","G","G",NA,NA,NA,NA,"A","A","C","C","G","G","G","G",NA,NA,"A","T",NA,NA,"T","T",NA,NA,"G","G","T","T","C","C","C","T",NA,NA,"G","G","T","T","T","C","C","X","T","C","A","X","A","T","G","T",NA,NA,"G","A","T","G","A","C","A","A","C","C","C","C","T","T","G","G","G","G","G","A","C","C",NA,NA,"A","A","T","T","G","A",NA,NA,"G","G","T","T","C","C","C","C","C","C","A","A","A","G","T","C","C","C","C","C","A","G","T","T","C","C","T","A","A","A",NA,NA,"T","T","C","C","A","G","G","A","G","G",NA,NA,"G","G","T","T","G","G","G","G","C","N","G","G","T","C","G","N","A","G","A","A",NA,NA,"T","C","A","A",NA,NA,"A","A","G","G","G","N","G","A","T","C","C","A","C","T","A","G","G","T","T","C","T","T","G","G",NA,NA,"T","T","G","G"
"10","z0042288","G","T","A","G","A","C","G","G",NA,NA,NA,NA,"A","A","G","G","A","A","G","G","A","A",NA,NA,NA,NA,NA,NA,"T","C","A","A","G","A","G","X","A","T","G","A",NA,NA,"G","G",NA,NA,NA,NA,NA,NA,NA,NA,"G","G","C","T","C","T","G","G","G","A","G","G","A","A","G","G","C","A",NA,NA,"T","T",NA,NA,"C","N","A","A","T","G","C","C","A","A","C","T","C","C","C","C","C","C","C","C","C","C","G","A",NA,NA,"A","G",NA,NA,"C","C","A","G","T","T",NA,NA,NA,NA,"C","C","G","G","G","T","C","T",NA,NA,"C","C",NA,NA,NA,NA,"G","G","T","X",NA,NA,"C","T",NA,NA,"G","G","T","T","T","T","C","C","T","C","A","A","A","A","G","G",NA,NA,"G","G","T","C","A","A",NA,NA,"C","C",NA,NA,"T","T","G","G","G","A","G","G","C","T",NA,NA,NA,NA,NA,NA,NA,NA,NA,NA,NA,NA,"C","T","C","C","C","C","C","C",NA,NA,"A","G","T","T",NA,NA,"C","C","A","A",NA,NA,NA,NA,"T","T",NA,NA,NA,NA,"T","T","C","C","A","G","G","X","G","G",NA,NA,"G","G",NA,NA,"G","G",NA,NA,"C","C","G","G","T","X","G","A","A","A",NA,NA,NA,NA,"T","N","A","A",NA,NA,"A","A","G","X","G","N","G","G","T","T","C","A","C","C","A","A","G","G","T","C","T","T","G","G","G","G","T","T","G","T"
"11","z0009880","A","A",NA,NA,NA,NA,NA,NA,NA,NA,"T","T","A","A",NA,NA,NA,NA,"G","G",NA,NA,NA,NA,NA,NA,NA,NA,NA,NA,NA,NA,"G","G","G","G","A","A","G","A",NA,NA,NA,NA,NA,NA,NA,NA,NA,NA,NA,NA,NA,NA,"C","T","C","C","G","G","G","G","G","G",NA,NA,"A","T",NA,NA,NA,NA,NA,NA,NA,NA,"C","N",NA,NA,"T","T","C","C","A","A",NA,NA,"C","C","C","C",NA,NA,NA,NA,"C","C","G","G",NA,NA,"A","A",NA,NA,NA,NA,NA,NA,NA,NA,NA,NA,NA,NA,NA,NA,"G","G","G","G","C","C",NA,NA,"C","C","T","T",NA,NA,"G","G",NA,NA,NA,NA,NA,NA,NA,NA,NA,NA,NA,NA,NA,NA,NA,NA,"T","T",NA,NA,NA,NA,"G","T",NA,NA,"G","G",NA,NA,"A","A",NA,NA,NA,NA,"C","G",NA,NA,"G","G",NA,NA,"G","G","C","C",NA,NA,"A","A",NA,NA,NA,NA,"T","T","G","G",NA,NA,NA,NA,NA,NA,"C","T",NA,NA,NA,NA,NA,NA,NA,NA,NA,NA,"A","G",NA,NA,NA,NA,NA,NA,NA,NA,NA,NA,NA,NA,"C","C",NA,NA,"G","G",NA,NA,NA,NA,NA,NA,NA,NA,NA,NA,NA,NA,"C","C",NA,NA,"T","G","G","G","A","A",NA,NA,NA,NA,"T","C",NA,NA,NA,NA,"A","A",NA,NA,"G","G",NA,NA,"T","T","C","C","C","A","A","G",NA,NA,NA,NA,NA,NA,"G","G","G","G",NA,NA,NA,NA
"12","z0145401","A","A",NA,NA,"A","A","A","A",NA,NA,"T","T","A","G","G","G",NA,NA,NA,NA,"G","G",NA,NA,NA,NA,NA,NA,"T","T",NA,NA,"G","G","G","G","A","A","G","G","C","C","G","G",NA,NA,NA,NA,NA,NA,NA,NA,"G","G","C","C","C","C","G","G","G","G","G","G","A","A","A","A","C","C","C","C",NA,NA,NA,NA,"C","N","G","G","T","A","T","C","A","A",NA,NA,"C","T","C","C","C","C","C","C","C","C",NA,NA,NA,NA,"A","A","G","G","C","C","G","G","T","T",NA,NA,NA,NA,"C","T","G","C","G","G",NA,NA,NA,NA,"C","C","T","T",NA,NA,"G","G","T","T",NA,NA,NA,NA,"G","G","G","G","T","T","T","T","C","A","T","N","A","A",NA,NA,"G","G",NA,NA,"G","G","T","T","C","C","A","A",NA,NA,"C","C",NA,NA,"G","G","G","G","G","G",NA,NA,"G","G",NA,NA,NA,NA,NA,NA,NA,NA,"G","G","C","C",NA,NA,NA,NA,"C","C",NA,NA,NA,NA,"C","C","C","C",NA,NA,"G","G","T","C",NA,NA,NA,NA,NA,NA,"A","A",NA,NA,"C","C","A","A","G","G","G","G","G","G",NA,NA,NA,NA,"G","X",NA,NA,"C","C",NA,NA,"T","T",NA,NA,"A","C",NA,NA,NA,NA,"T","C","A","A","G","G","A","A","G","G","G","G","G","G","C","C","C","C","C","C","A","A","G","G","T","T",NA,NA,"G","G",NA,NA,NA,NA,"G","G"
"13","z0100814","A","A",NA,NA,"A","C","G","A",NA,NA,"T","T",NA,NA,NA,NA,NA,NA,NA,NA,NA,NA,NA,NA,"C","C",NA,NA,"T","T","A","A",NA,NA,"G","G","A","A","G","G",NA,NA,"G","T",NA,NA,NA,NA,NA,NA,NA,NA,NA,NA,"C","T","C","G",NA,NA,"G","G",NA,NA,"A","A","G","G","C","C",NA,NA,NA,NA,NA,NA,"C","N",NA,NA,"T","T","C","C","A","G","C","C",NA,NA,"C","C","C","C",NA,NA,"C","C","G","G","C","C","A","A",NA,NA,"C","G","G","G","T","T",NA,NA,NA,NA,"C","C","G","T","G","G","C","C",NA,NA,"C","C",NA,NA,NA,NA,NA,NA,"T","C",NA,NA,NA,NA,"G","G","G","G","T","T","T","T","C","A","T","G","A","A",NA,NA,"G","G",NA,NA,"G","G","T","C",NA,NA,"A","A",NA,NA,"C","T",NA,NA,NA,NA,"G","A","G","G","C","T",NA,NA,NA,NA,NA,NA,NA,NA,"T","T",NA,NA,"C","C",NA,NA,"T","T","C","C",NA,NA,"A","A",NA,NA,NA,NA,NA,NA,"G","G",NA,NA,NA,NA,"T","T",NA,NA,"A","G",NA,NA,"C","C",NA,NA,NA,NA,"G","G","G","G","G","G",NA,NA,"G","X",NA,NA,"C","C",NA,NA,"T","T",NA,NA,"A","A",NA,NA,NA,NA,"T","T","A","A",NA,NA,NA,NA,"G","G","G","T","G","G","T","G","C","T","C","C","A","G","G","G","T","T",NA,NA,"G","G",NA,NA,"T","T","G","G"
"14","z0160234",NA,NA,NA,NA,NA,NA,NA,NA,NA,NA,NA,NA,NA,NA,NA,NA,NA,NA,NA,NA,NA,NA,NA,NA,NA,NA,NA,NA,NA,NA,NA,NA,NA,NA,NA,NA,NA,NA,NA,NA,NA,NA,NA,NA,NA,NA,NA,NA,NA,NA,NA,NA,NA,NA,NA,NA,NA,NA,NA,NA,NA,NA,NA,NA,NA,NA,NA,NA,NA,NA,NA,NA,NA,NA,NA,NA,NA,NA,NA,NA,NA,NA,NA,NA,NA,NA,NA,NA,NA,NA,NA,NA,NA,NA,NA,NA,NA,NA,NA,NA,NA,NA,NA,NA,NA,NA,NA,NA,NA,NA,NA,NA,NA,NA,NA,NA,NA,NA,NA,NA,NA,NA,NA,NA,NA,NA,NA,NA,NA,NA,NA,NA,NA,NA,NA,NA,NA,NA,NA,NA,NA,NA,NA,NA,NA,NA,NA,NA,NA,NA,NA,NA,NA,NA,NA,NA,NA,NA,NA,NA,NA,NA,NA,NA,NA,NA,NA,NA,NA,NA,NA,NA,NA,NA,NA,NA,NA,NA,NA,NA,NA,NA,NA,NA,NA,NA,NA,NA,NA,NA,NA,NA,NA,NA,NA,NA,NA,NA,NA,NA,NA,NA,NA,NA,NA,NA,NA,NA,NA,NA,NA,NA,NA,NA,NA,NA,NA,NA,NA,NA,NA,NA,NA,NA,NA,NA,NA,NA,NA,NA,NA,NA,NA,NA,NA,NA,NA,NA,NA,NA,NA,NA,NA,NA,NA,NA,NA,NA,NA,NA,NA,NA,NA,NA,NA,NA,NA,NA,"T","C",NA,NA,NA,NA,NA,NA,NA,NA,NA,NA,NA,NA,NA,NA,NA,NA,NA,NA,NA,NA,NA,NA,NA,NA,NA,NA,NA,NA,NA,NA,NA,NA,NA,NA
