locus,stop,133302_S784_L001_R1_001.fastq.gz.coverage,187857_S785_L001_R1_001.fastq.gz.coverage,195776_S786_L001_R1_001.fastq.gz.coverage,195777_S787_L001_R1_001.fastq.gz.coverage,195777b_S792_L001_R1_001.fastq.gz.coverage,196887_S788_L001_R1_001.fastq.gz.coverage,197665_S789_L001_R1_001.fastq.gz.coverage,197682_S790_L001_R1_001.fastq.gz.coverage,37609_S769_L001_R1_001.fastq.gz.coverage,40513_S770_L001_R1_001.fastq.gz.coverage,41051_S771_L001_R1_001.fastq.gz.coverage,43475_S772_L001_R1_001.fastq.gz.coverage,43498_S779_L001_R1_001.fastq.gz.coverage,43839_S773_L001_R1_001.fastq.gz.coverage,43979_S774_L001_R1_001.fastq.gz.coverage,43979b_S791_L001_R1_001.fastq.gz.coverage,43980_S775_L001_R1_001.fastq.gz.coverage,44432_S776_L001_R1_001.fastq.gz.coverage,45331_S777_L001_R1_001.fastq.gz.coverage,47854_S778_L001_R1_001.fastq.gz.coverage,53100_S780_L001_R1_001.fastq.gz.coverage,55931_S781_L001_R1_001.fastq.gz.coverage,56392_S782_L001_R1_001.fastq.gz.coverage,75696_S783_L001_R1_001.fastq.gz.coverage,Sum
Mnov_gtseq_1,130,9,19,1,9,12,18,41,NA,NA,31,24,NA,13,25,NA,NA,64,7,96,53,40,69,NA,1,532
Mnov_gtseq_10,130,5,13,1,5,5,12,27,NA,NA,19,12,NA,7,8,NA,NA,41,3,77,41,26,50,1,1,354
Mnov_gtseq_102,130,4,8,NA,1,8,12,15,NA,NA,4,7,NA,2,4,NA,NA,7,2,36,22,10,31,1,1,175
Mnov_gtseq_104,130,7,19,NA,18,2,49,35,NA,NA,45,25,NA,20,30,NA,NA,59,3,141,70,52,82,NA,2,659
Mnov_gtseq_106,130,NA,NA,NA,NA,1,NA,3,NA,NA,NA,1,NA,1,3,NA,NA,3,1,9,2,NA,12,NA,NA,36
Mnov_gtseq_107,130,NA,NA,NA,NA,4,NA,NA,NA,NA,2,NA,NA,NA,4,NA,NA,2,NA,3,2,1,7,NA,NA,25
Mnov_gtseq_108,130,NA,NA,NA,NA,1,NA,NA,NA,NA,NA,1,NA,NA,NA,NA,NA,1,NA,NA,NA,NA,1,NA,NA,4
Mnov_gtseq_110,130,NA,NA,NA,NA,3,NA,1,NA,NA,1,2,NA,NA,NA,NA,NA,4,NA,3,2,NA,4,NA,NA,20
Mnov_gtseq_111,130,NA,NA,NA,NA,3,NA,NA,NA,NA,NA,NA,NA,NA,1,NA,NA,1,NA,NA,NA,NA,1,NA,NA,6
Mnov_gtseq_112,130,1,4,NA,3,9,2,7,NA,NA,6,1,NA,2,4,NA,NA,6,1,9,3,2,9,NA,NA,69
Mnov_gtseq_113,130,NA,3,2,1,3,6,6,NA,NA,5,7,NA,1,10,NA,NA,14,1,33,17,8,28,NA,NA,145
Mnov_gtseq_114,130,1,1,NA,3,10,2,5,NA,NA,2,NA,NA,2,NA,NA,NA,5,NA,14,2,6,9,NA,NA,62
Mnov_gtseq_115,130,1,NA,NA,NA,NA,NA,NA,NA,NA,1,4,NA,NA,NA,NA,NA,1,NA,5,2,2,4,NA,NA,20
Mnov_gtseq_116,130,NA,NA,NA,NA,1,NA,NA,NA,NA,NA,NA,NA,1,NA,NA,NA,1,NA,1,1,1,NA,NA,NA,6
Mnov_gtseq_117,130,NA,NA,NA,NA,5,1,NA,NA,NA,NA,NA,NA,NA,NA,NA,NA,6,NA,1,1,NA,2,NA,NA,16
Mnov_gtseq_118,130,NA,1,NA,1,4,2,1,NA,NA,1,NA,NA,2,2,NA,NA,7,NA,2,1,1,NA,NA,NA,25
Mnov_gtseq_12,130,5,5,NA,1,4,16,18,NA,NA,13,10,NA,9,5,NA,NA,17,4,49,24,11,47,NA,NA,238
Mnov_gtseq_124,130,NA,NA,NA,1,1,2,1,NA,NA,NA,1,NA,1,3,NA,NA,4,NA,4,3,2,1,NA,NA,24
Mnov_gtseq_125,130,NA,2,NA,3,3,5,4,NA,NA,2,1,NA,4,1,NA,NA,7,NA,14,3,2,3,1,NA,55
Mnov_gtseq_126,130,4,12,1,10,4,28,27,NA,1,29,9,NA,8,10,NA,NA,34,5,61,49,31,60,NA,2,385
Mnov_gtseq_127,130,NA,NA,NA,1,NA,NA,NA,NA,NA,1,NA,NA,1,NA,NA,NA,5,NA,10,2,2,7,NA,NA,29
Mnov_gtseq_128,130,NA,NA,NA,NA,1,NA,NA,NA,NA,NA,NA,NA,NA,NA,NA,NA,NA,1,2,NA,NA,1,NA,NA,5
Mnov_gtseq_129,130,1,NA,NA,NA,1,10,3,NA,NA,NA,NA,NA,NA,NA,NA,1,9,NA,5,7,3,2,NA,NA,42
Mnov_gtseq_13,130,6,7,NA,7,4,12,12,NA,NA,13,9,NA,3,5,NA,NA,31,5,41,29,19,33,NA,NA,236
Mnov_gtseq_130,130,1,NA,NA,NA,1,2,1,NA,NA,NA,NA,NA,1,NA,NA,NA,2,NA,NA,1,1,NA,NA,NA,10
Mnov_gtseq_134,130,NA,NA,NA,1,1,NA,NA,NA,NA,NA,NA,NA,NA,NA,NA,NA,NA,NA,2,NA,NA,NA,NA,NA,4
Mnov_gtseq_135,130,4,6,1,1,6,8,5,NA,NA,6,2,NA,2,1,NA,NA,13,2,22,10,7,16,NA,NA,112
Mnov_gtseq_137,130,NA,NA,NA,NA,NA,NA,NA,NA,NA,NA,NA,NA,NA,NA,NA,NA,NA,NA,NA,NA,NA,NA,NA,NA,0
Mnov_gtseq_138,130,3,7,2,10,4,15,18,NA,NA,13,6,NA,2,10,NA,NA,22,2,32,12,9,29,NA,NA,196
Mnov_gtseq_139,130,3,2,NA,2,5,6,5,NA,NA,3,1,NA,2,3,NA,NA,13,NA,12,6,6,7,NA,NA,76
Mnov_gtseq_140,130,11,24,3,27,11,50,37,NA,NA,39,25,NA,27,9,NA,NA,49,7,88,53,46,62,1,3,572
Mnov_gtseq_141,130,NA,12,NA,4,7,10,21,NA,NA,12,10,NA,7,10,NA,NA,30,2,90,33,25,39,NA,1,313
Mnov_gtseq_143,130,6,7,1,11,2,23,19,NA,NA,15,9,NA,14,13,NA,NA,26,1,48,22,22,23,NA,NA,262
Mnov_gtseq_144,130,1,3,NA,NA,1,1,5,NA,NA,5,2,NA,1,5,NA,NA,8,NA,NA,8,4,7,NA,NA,51
Mnov_gtseq_145,130,2,4,1,3,3,8,4,NA,NA,2,1,NA,NA,4,NA,NA,11,2,13,6,4,18,NA,NA,86
Mnov_gtseq_146,130,NA,NA,NA,NA,1,NA,NA,NA,NA,NA,NA,NA,NA,NA,NA,NA,NA,NA,NA,NA,NA,NA,NA,NA,1
Mnov_gtseq_147,130,NA,NA,NA,NA,4,1,NA,NA,NA,NA,NA,NA,1,NA,NA,NA,4,NA,2,1,1,NA,NA,NA,14
Mnov_gtseq_148,130,1,NA,NA,NA,6,1,1,NA,NA,2,2,NA,NA,1,1,NA,NA,NA,3,1,4,3,NA,NA,26
Mnov_gtseq_149,130,2,1,1,3,4,5,7,NA,NA,6,1,NA,NA,6,NA,NA,14,2,26,12,2,20,NA,NA,112
Mnov_gtseq_15,130,4,17,NA,6,4,23,34,NA,1,16,12,NA,9,16,NA,NA,33,7,73,29,21,46,NA,1,352
Mnov_gtseq_151,130,3,2,NA,5,1,8,13,NA,NA,8,16,NA,4,5,NA,NA,10,NA,24,2,11,10,1,1,124
Mnov_gtseq_152,130,3,5,NA,5,7,11,11,NA,NA,6,3,NA,3,5,NA,NA,9,NA,26,12,5,19,NA,NA,130
Mnov_gtseq_154,130,NA,2,1,NA,1,3,4,NA,NA,4,5,NA,1,3,NA,NA,3,1,2,2,4,4,NA,NA,40
Mnov_gtseq_155,130,2,4,1,9,6,21,17,NA,NA,6,4,NA,4,4,NA,NA,17,3,38,15,12,18,NA,NA,181
Mnov_gtseq_156,130,NA,1,NA,1,2,2,2,NA,NA,3,3,NA,1,NA,NA,NA,5,1,13,4,2,28,NA,1,69
Mnov_gtseq_157,130,1,5,2,9,11,22,15,NA,NA,13,4,NA,5,5,NA,NA,15,1,24,18,5,24,NA,NA,179
Mnov_gtseq_158,130,9,14,3,24,4,44,23,NA,NA,21,8,NA,7,6,2,NA,28,2,49,31,18,18,NA,2,313
Mnov_gtseq_159,130,NA,NA,NA,NA,1,1,1,NA,NA,NA,4,NA,1,NA,NA,NA,1,NA,8,5,4,12,NA,1,39
Mnov_gtseq_16,130,9,21,2,22,6,29,39,NA,NA,27,10,NA,14,19,NA,NA,39,5,68,36,37,41,1,3,428
Mnov_gtseq_160,130,5,4,NA,4,1,3,2,NA,NA,10,2,NA,4,1,NA,NA,10,1,10,4,5,6,1,1,74
Mnov_gtseq_161,130,1,5,1,NA,2,8,10,NA,NA,18,11,NA,4,7,NA,NA,22,NA,59,19,13,38,1,2,221
Mnov_gtseq_162,130,7,4,NA,3,3,10,10,NA,NA,23,24,NA,16,9,NA,1,2,1,10,7,39,19,NA,5,193
Mnov_gtseq_166,130,NA,1,NA,1,6,16,6,NA,NA,9,6,NA,1,5,NA,NA,15,6,20,4,12,12,NA,1,121
Mnov_gtseq_167,130,1,3,1,4,7,5,7,NA,NA,2,6,NA,3,1,NA,NA,10,1,12,7,2,5,NA,NA,77
Mnov_gtseq_168,130,NA,NA,NA,NA,1,NA,NA,NA,NA,NA,NA,NA,1,NA,NA,NA,1,NA,NA,NA,NA,NA,NA,NA,3
Mnov_gtseq_17,130,1,3,NA,1,5,10,7,NA,NA,3,3,NA,NA,6,NA,NA,9,1,28,12,7,16,NA,NA,112
Mnov_gtseq_170,130,3,5,NA,7,2,17,11,NA,NA,12,6,NA,4,7,NA,NA,19,5,53,28,12,32,NA,1,224
Mnov_gtseq_171,130,NA,NA,NA,NA,1,NA,1,NA,NA,NA,3,NA,2,NA,NA,NA,NA,NA,3,NA,2,NA,NA,NA,12
Mnov_gtseq_173,130,NA,NA,1,2,4,2,4,NA,NA,NA,1,NA,1,2,NA,NA,1,NA,7,4,3,1,NA,1,34
Mnov_gtseq_174,130,NA,NA,1,NA,5,4,5,NA,NA,2,NA,NA,1,2,NA,NA,3,2,9,4,3,6,NA,NA,47
Mnov_gtseq_177,130,NA,NA,NA,NA,3,NA,NA,NA,NA,NA,NA,NA,NA,NA,NA,NA,1,NA,NA,NA,NA,NA,NA,NA,4
Mnov_gtseq_178,130,NA,1,NA,NA,8,1,2,NA,NA,1,1,NA,NA,2,NA,NA,3,NA,11,3,3,4,NA,NA,40
Mnov_gtseq_180,130,2,1,NA,1,NA,2,NA,NA,NA,2,1,NA,NA,1,NA,NA,3,NA,3,4,2,2,NA,NA,24
Mnov_gtseq_181,130,NA,NA,NA,NA,NA,NA,NA,NA,NA,NA,NA,NA,NA,NA,NA,NA,2,NA,NA,NA,NA,NA,NA,NA,2
Mnov_gtseq_182,130,2,8,NA,2,8,5,6,NA,NA,5,2,NA,3,2,NA,NA,11,2,19,12,14,31,NA,1,133
Mnov_gtseq_186,130,NA,NA,NA,NA,1,NA,NA,NA,NA,NA,NA,NA,1,NA,NA,NA,NA,NA,1,NA,NA,NA,NA,NA,3
Mnov_gtseq_187,130,NA,NA,NA,1,5,2,4,NA,NA,1,1,NA,NA,2,NA,NA,4,NA,12,5,3,9,NA,NA,49
Mnov_gtseq_188,130,2,2,NA,NA,5,4,3,NA,NA,4,1,NA,1,1,NA,NA,5,1,5,8,2,4,NA,NA,48
Mnov_gtseq_189,130,2,3,NA,1,2,1,5,NA,NA,8,4,NA,3,2,NA,NA,9,NA,18,17,5,18,NA,1,99
Mnov_gtseq_19,130,12,24,1,30,15,63,64,NA,1,37,10,NA,14,19,NA,NA,46,1,106,55,35,45,NA,NA,578
Mnov_gtseq_190,130,4,15,1,6,12,43,43,NA,NA,45,32,NA,10,28,NA,NA,37,9,115,54,22,75,NA,1,552
Mnov_gtseq_191,130,NA,NA,NA,NA,NA,NA,1,NA,NA,2,NA,NA,1,1,NA,NA,1,NA,3,1,NA,NA,NA,NA,10
Mnov_gtseq_192,130,NA,NA,NA,NA,1,NA,1,NA,1,NA,2,NA,NA,1,NA,NA,1,NA,2,2,1,5,NA,NA,17
Mnov_gtseq_193,130,29,65,5,34,13,115,107,NA,1,108,54,NA,49,75,NA,NA,120,6,314,129,127,152,NA,16,1519
Mnov_gtseq_195,130,27,43,NA,38,7,93,50,NA,NA,52,28,NA,18,40,NA,NA,89,4,163,91,60,116,1,3,923
Mnov_gtseq_196,130,2,1,1,3,1,6,4,NA,NA,3,3,NA,2,1,NA,NA,5,NA,17,5,2,7,NA,NA,63
Mnov_gtseq_197,130,9,17,1,5,1,13,16,NA,1,35,23,NA,20,14,NA,NA,32,NA,68,17,53,47,1,2,375
Mnov_gtseq_2,130,5,23,NA,7,6,22,23,NA,NA,23,15,NA,9,20,NA,NA,27,NA,78,21,37,52,NA,3,371
Mnov_gtseq_20,130,3,14,1,3,3,10,30,NA,NA,14,20,NA,8,7,NA,NA,23,1,67,25,24,37,NA,1,291
Mnov_gtseq_200,130,6,14,NA,1,1,7,18,NA,NA,32,35,NA,12,15,NA,NA,48,1,126,78,65,88,1,3,551
Mnov_gtseq_201,130,42,54,1,40,5,154,143,NA,1,115,52,NA,48,53,NA,NA,145,5,312,113,125,167,1,13,1589
Mnov_gtseq_202,130,18,32,1,23,8,74,59,NA,1,67,21,NA,30,34,1,NA,79,9,141,90,59,79,1,6,833
Mnov_gtseq_203,130,1,2,NA,2,4,8,6,NA,NA,4,10,NA,3,2,NA,NA,16,4,12,16,5,61,NA,1,157
Mnov_gtseq_204,130,2,4,1,2,11,7,10,NA,NA,18,9,NA,3,7,NA,NA,35,3,42,23,10,56,NA,1,244
Mnov_gtseq_205,130,5,23,NA,17,9,28,31,NA,NA,30,13,NA,11,13,NA,NA,31,4,73,33,14,49,NA,4,388
Mnov_gtseq_206,130,2,4,NA,7,6,15,20,NA,NA,25,10,NA,4,5,NA,NA,43,1,87,36,21,67,NA,1,354
Mnov_gtseq_208,130,5,8,NA,7,5,22,28,NA,NA,20,4,NA,11,7,NA,NA,33,3,58,40,23,50,NA,NA,324
Mnov_gtseq_209,130,4,10,3,16,9,46,30,NA,NA,15,14,NA,15,13,NA,NA,36,4,67,38,20,38,NA,2,380
Mnov_gtseq_21,130,36,65,1,32,4,94,127,NA,NA,122,76,NA,70,71,NA,NA,178,6,313,151,185,179,2,21,1733
Mnov_gtseq_210,130,1,8,NA,5,8,12,15,NA,NA,7,10,NA,2,4,NA,NA,20,2,42,32,18,31,NA,1,218
Mnov_gtseq_211,130,1,9,1,4,4,18,20,NA,NA,49,86,NA,22,24,NA,NA,62,11,215,139,66,249,NA,3,983
Mnov_gtseq_213,130,NA,NA,NA,1,7,3,6,NA,NA,4,1,NA,1,4,NA,NA,9,NA,27,17,11,27,NA,NA,118
Mnov_gtseq_214,130,1,4,1,NA,6,3,6,NA,NA,9,1,NA,2,1,NA,NA,8,1,40,11,5,23,NA,NA,122
Mnov_gtseq_215,130,7,16,NA,8,7,29,32,NA,NA,13,9,NA,13,17,NA,NA,33,4,63,30,23,42,1,1,348
Mnov_gtseq_216,130,NA,11,2,6,7,13,19,NA,1,12,7,NA,5,9,NA,NA,23,3,53,19,13,40,NA,2,245
Mnov_gtseq_217,130,NA,1,NA,1,1,NA,1,NA,NA,1,1,NA,NA,NA,NA,NA,2,NA,3,5,2,5,NA,NA,23
Mnov_gtseq_218,130,11,14,NA,10,NA,16,12,NA,NA,26,7,NA,7,13,NA,NA,25,1,51,10,28,23,NA,6,260
Mnov_gtseq_219,130,32,62,2,54,8,153,121,NA,1,100,39,NA,37,57,1,NA,113,5,238,119,106,141,NA,16,1405
Mnov_gtseq_22,130,3,5,NA,1,3,6,8,NA,NA,4,10,NA,NA,3,NA,NA,15,NA,14,13,11,13,NA,NA,109
Mnov_gtseq_220,130,6,9,1,6,6,25,23,NA,NA,16,5,NA,7,6,NA,NA,22,3,39,27,10,14,NA,2,227
Mnov_gtseq_222,130,1,9,NA,NA,6,1,8,NA,NA,19,7,NA,14,7,NA,NA,13,2,43,11,5,34,NA,1,181
Mnov_gtseq_223,130,NA,2,1,1,3,7,7,NA,NA,4,4,NA,1,2,NA,NA,8,NA,18,12,12,22,NA,NA,104
Mnov_gtseq_224,130,5,5,2,5,3,8,10,NA,NA,13,8,NA,5,3,NA,NA,18,NA,38,20,4,27,NA,1,175
Mnov_gtseq_225,130,24,33,1,10,2,38,48,NA,1,50,41,NA,25,29,NA,NA,46,NA,97,14,72,49,1,8,589
Mnov_gtseq_227,130,21,51,3,15,2,28,50,NA,NA,64,53,NA,39,32,NA,NA,31,NA,92,13,142,34,1,35,706
Mnov_gtseq_228,130,1,6,NA,1,2,3,7,NA,NA,6,2,NA,NA,2,NA,NA,14,1,20,10,4,22,NA,NA,101
Mnov_gtseq_229,130,1,1,NA,1,1,4,1,NA,NA,2,1,NA,NA,1,NA,NA,11,NA,6,6,1,9,NA,NA,46
Mnov_gtseq_23,130,NA,1,NA,NA,2,NA,2,NA,NA,5,1,NA,1,NA,NA,NA,3,NA,11,3,6,39,1,NA,75
Mnov_gtseq_230,130,2,3,NA,NA,3,4,18,NA,NA,11,5,NA,3,6,1,NA,16,2,15,12,7,10,NA,1,119
Mnov_gtseq_231,130,1,NA,NA,2,3,2,4,NA,NA,1,NA,NA,1,1,NA,NA,3,NA,11,3,1,13,NA,NA,46
Mnov_gtseq_232,130,16,22,1,9,1,27,34,NA,NA,29,21,NA,19,22,NA,NA,31,NA,80,24,41,49,1,NA,427
Mnov_gtseq_234,130,2,NA,NA,1,3,4,3,NA,NA,1,2,NA,3,2,NA,NA,7,1,23,10,3,17,NA,NA,82
Mnov_gtseq_235,130,7,15,NA,6,4,35,38,NA,NA,34,22,NA,10,15,NA,NA,52,2,84,70,46,85,NA,2,527
Mnov_gtseq_237,130,4,4,NA,5,1,9,10,NA,NA,5,1,NA,1,8,NA,NA,16,1,19,8,11,14,NA,2,119
Mnov_gtseq_238,130,6,11,1,10,3,28,21,NA,NA,17,9,NA,8,23,NA,NA,22,3,70,22,20,47,NA,1,322
Mnov_gtseq_239,130,3,9,NA,9,4,15,12,NA,NA,18,3,NA,5,10,NA,NA,26,3,36,15,20,26,NA,NA,214
Mnov_gtseq_240,130,3,7,NA,8,8,11,18,NA,NA,15,8,NA,2,9,NA,NA,21,1,46,10,13,28,NA,NA,208
Mnov_gtseq_241,130,40,69,4,88,11,175,119,NA,1,133,50,NA,61,78,1,NA,159,18,262,159,130,139,NA,8,1705
Mnov_gtseq_243,130,9,19,NA,4,1,19,31,NA,NA,34,20,NA,14,14,NA,NA,36,1,111,19,49,48,NA,4,433
Mnov_gtseq_244,130,5,17,2,11,7,43,38,NA,NA,58,25,NA,23,27,NA,NA,44,5,133,66,35,79,NA,1,619
Mnov_gtseq_245,130,1,1,NA,1,5,NA,4,NA,NA,NA,1,NA,NA,1,NA,NA,5,1,12,9,2,4,NA,NA,47
Mnov_gtseq_246,130,3,4,NA,6,1,7,9,NA,NA,6,2,NA,6,1,NA,NA,11,1,28,12,12,28,NA,NA,137
Mnov_gtseq_247,130,1,4,NA,2,5,6,7,NA,NA,6,6,NA,3,1,NA,NA,5,1,21,8,6,16,NA,1,99
Mnov_gtseq_248,130,7,23,NA,24,9,87,53,NA,1,38,21,NA,21,26,NA,1,71,5,81,63,35,65,NA,1,632
Mnov_gtseq_25,130,4,9,NA,1,3,3,15,NA,3,26,24,NA,15,12,NA,NA,28,NA,80,11,42,45,NA,3,324
Mnov_gtseq_250,130,1,3,NA,2,7,5,15,NA,NA,5,7,NA,4,7,NA,NA,16,4,43,19,9,42,NA,NA,189
Mnov_gtseq_251,130,3,9,1,9,2,16,20,NA,NA,19,12,NA,6,16,1,NA,33,2,54,24,22,37,NA,NA,286
Mnov_gtseq_253,130,2,1,NA,1,4,4,12,NA,NA,9,2,NA,5,1,NA,NA,13,NA,28,24,13,21,NA,NA,140
Mnov_gtseq_254,130,1,8,3,8,8,20,18,NA,NA,10,2,NA,1,8,NA,NA,20,2,45,19,7,20,NA,NA,200
Mnov_gtseq_255,130,8,17,NA,13,6,21,34,NA,NA,29,15,NA,9,10,NA,NA,43,4,75,50,33,63,NA,3,433
Mnov_gtseq_256,130,1,1,NA,NA,11,3,NA,NA,4,2,8,NA,4,6,NA,NA,7,3,43,11,14,72,NA,NA,190
Mnov_gtseq_257,130,2,8,3,7,7,15,19,NA,NA,14,16,NA,6,10,NA,NA,30,2,70,33,20,36,NA,1,299
Mnov_gtseq_258,130,NA,5,NA,2,11,10,18,NA,NA,17,11,NA,4,14,NA,NA,23,5,56,24,21,40,NA,1,262
Mnov_gtseq_26,130,33,57,6,44,8,111,89,NA,NA,92,36,1,35,35,NA,NA,93,5,197,101,68,125,NA,7,1143
Mnov_gtseq_260,130,3,7,NA,10,7,30,19,NA,NA,18,7,NA,7,12,NA,NA,19,6,47,24,14,36,NA,NA,266
Mnov_gtseq_261,130,10,27,1,11,5,26,39,NA,NA,43,25,NA,23,17,1,NA,79,2,121,88,64,98,NA,1,681
Mnov_gtseq_262,130,1,3,2,NA,3,8,1,NA,NA,NA,NA,NA,1,1,NA,NA,5,NA,6,3,2,4,1,NA,41
Mnov_gtseq_263,130,16,35,NA,15,6,72,83,NA,NA,65,41,NA,24,31,NA,NA,88,13,225,136,84,117,1,8,1060
Mnov_gtseq_264,130,NA,1,NA,NA,4,1,2,NA,NA,6,1,NA,NA,5,NA,NA,8,2,20,7,2,20,NA,NA,79
Mnov_gtseq_265,130,5,16,NA,12,7,42,36,NA,NA,22,12,NA,13,17,NA,NA,31,4,69,34,25,47,2,NA,394
Mnov_gtseq_268,130,128,188,7,212,6,486,301,NA,8,310,131,NA,154,227,1,NA,391,16,621,364,330,334,NA,51,4266
Mnov_gtseq_269,130,5,14,NA,8,6,17,38,NA,1,27,21,NA,25,14,NA,NA,28,1,58,35,40,44,NA,3,385
Mnov_gtseq_27,130,15,29,NA,32,8,77,59,NA,1,49,7,NA,19,27,NA,1,49,3,108,53,44,65,1,2,649
Mnov_gtseq_270,130,1,NA,1,NA,3,1,4,NA,1,6,10,NA,3,7,NA,NA,8,1,35,11,8,29,NA,NA,129
Mnov_gtseq_271,130,1,5,NA,NA,NA,6,16,NA,NA,6,8,NA,4,7,NA,NA,2,NA,8,7,35,21,NA,1,127
Mnov_gtseq_273,130,1,3,NA,2,1,2,3,NA,NA,7,3,NA,1,1,NA,NA,7,NA,9,2,8,20,NA,1,71
Mnov_gtseq_274,130,5,9,3,5,5,19,25,NA,NA,16,6,NA,11,17,NA,NA,37,4,63,36,21,55,NA,NA,337
Mnov_gtseq_275,130,1,NA,2,NA,5,NA,1,NA,NA,1,1,NA,1,NA,NA,NA,4,2,12,10,3,18,NA,NA,61
Mnov_gtseq_276,130,4,11,NA,9,8,19,24,NA,NA,15,3,NA,6,8,NA,NA,20,1,46,21,12,33,NA,1,241
Mnov_gtseq_277,130,19,44,4,44,6,100,71,NA,NA,58,18,NA,24,34,NA,NA,66,11,125,70,41,91,1,2,829
Mnov_gtseq_278,130,11,17,NA,5,1,17,15,NA,NA,24,16,NA,21,7,NA,NA,21,1,47,8,39,24,2,4,280
Mnov_gtseq_28,130,11,26,1,13,8,37,36,NA,NA,22,2,NA,8,11,NA,NA,37,2,69,43,24,60,NA,3,413
Mnov_gtseq_281,130,5,10,1,5,2,8,17,NA,NA,12,14,NA,3,10,NA,NA,29,2,60,42,16,39,1,2,278
Mnov_gtseq_283,130,NA,NA,NA,NA,1,1,NA,NA,NA,NA,1,NA,NA,NA,NA,NA,NA,NA,NA,1,1,2,NA,NA,7
Mnov_gtseq_284,130,37,56,1,47,3,108,104,NA,1,113,65,NA,51,47,NA,NA,101,7,268,85,143,143,NA,11,1391
Mnov_gtseq_285,130,12,11,2,8,7,34,24,NA,NA,19,7,NA,7,9,NA,NA,23,4,48,29,19,26,NA,3,292
Mnov_gtseq_287,130,36,40,3,60,8,138,97,NA,1,65,43,1,43,51,NA,1,94,6,196,105,88,115,1,9,1201
Mnov_gtseq_288,130,NA,NA,NA,NA,5,NA,NA,NA,NA,NA,2,NA,NA,NA,NA,NA,4,NA,12,5,3,29,NA,NA,60
Mnov_gtseq_289,130,11,13,NA,4,5,26,43,NA,1,36,18,NA,20,26,NA,NA,49,1,125,60,44,88,NA,3,573
Mnov_gtseq_29,130,30,55,1,70,9,145,136,1,2,119,48,NA,52,67,NA,NA,120,15,264,135,116,153,NA,4,1542
Mnov_gtseq_291,130,2,11,NA,5,2,9,28,NA,NA,12,7,NA,13,6,NA,NA,32,4,49,29,25,34,NA,NA,268
Mnov_gtseq_292,130,6,13,1,13,4,33,39,NA,NA,31,15,NA,16,21,1,NA,39,3,86,50,47,61,NA,7,486
Mnov_gtseq_297,130,28,37,NA,19,8,79,83,NA,1,83,39,NA,34,34,NA,NA,101,10,228,109,101,153,3,10,1160
Mnov_gtseq_298,130,NA,NA,NA,1,7,NA,NA,NA,NA,NA,NA,NA,NA,NA,NA,NA,NA,NA,NA,1,NA,3,NA,NA,12
Mnov_gtseq_299,130,16,32,NA,19,4,47,52,NA,NA,56,58,NA,45,30,NA,NA,88,2,143,67,99,87,NA,2,847
Mnov_gtseq_3,130,1,26,NA,NA,NA,72,NA,NA,NA,NA,NA,NA,34,NA,NA,NA,NA,6,NA,NA,NA,89,NA,NA,228
Mnov_gtseq_30,130,1,NA,NA,NA,NA,NA,NA,NA,NA,NA,2,NA,1,NA,NA,NA,1,NA,3,NA,2,3,NA,NA,13
Mnov_gtseq_300,130,10,32,5,22,6,62,50,NA,NA,69,12,NA,19,46,1,NA,97,2,190,105,81,127,1,5,942
Mnov_gtseq_301,130,2,3,NA,1,8,8,5,NA,NA,8,3,NA,3,7,NA,NA,14,NA,20,11,20,14,NA,1,128
Mnov_gtseq_302,130,3,7,3,NA,2,7,25,NA,2,12,16,1,7,6,NA,NA,24,4,100,40,17,101,NA,NA,377
Mnov_gtseq_304,130,NA,1,NA,NA,1,1,2,NA,NA,8,3,NA,3,NA,NA,NA,5,1,2,21,NA,NA,NA,NA,48
Mnov_gtseq_305,130,NA,NA,NA,2,2,2,1,NA,NA,2,6,NA,NA,2,NA,NA,6,NA,19,8,6,30,NA,NA,86
Mnov_gtseq_307,130,1,3,NA,NA,5,8,10,NA,NA,6,1,NA,NA,5,NA,NA,10,2,12,9,2,5,NA,1,80
Mnov_gtseq_308,130,11,22,3,20,5,50,56,NA,1,26,34,NA,21,20,NA,1,56,8,98,57,40,65,NA,3,597
Mnov_gtseq_309,130,5,5,NA,3,2,7,5,NA,NA,15,4,NA,3,2,NA,NA,10,1,19,11,12,23,NA,NA,127
Mnov_gtseq_310,130,NA,NA,NA,NA,1,1,3,NA,NA,3,7,NA,1,2,NA,NA,3,NA,15,5,4,14,NA,NA,59
Mnov_gtseq_311,130,NA,3,1,1,7,3,6,NA,NA,3,4,NA,1,5,NA,NA,6,1,7,5,3,3,NA,NA,59
Mnov_gtseq_312,130,4,6,NA,6,7,31,34,NA,NA,29,11,NA,6,21,NA,NA,36,4,94,57,31,65,1,4,447
Mnov_gtseq_313,130,3,6,NA,6,7,3,10,NA,NA,9,6,NA,3,3,NA,NA,14,2,25,21,10,24,NA,1,153
Mnov_gtseq_314,130,6,19,NA,7,4,29,54,NA,1,37,29,NA,10,22,NA,NA,53,3,139,61,54,100,NA,2,630
Mnov_gtseq_315,130,1,9,1,6,11,20,10,NA,NA,12,3,NA,4,10,1,NA,15,2,23,24,11,12,1,1,177
Mnov_gtseq_316,130,NA,NA,NA,1,4,3,5,NA,1,1,NA,NA,1,NA,NA,NA,3,NA,4,2,4,3,NA,NA,32
Mnov_gtseq_317,130,3,3,NA,1,3,2,11,NA,NA,12,14,NA,7,4,NA,NA,26,3,74,37,23,43,NA,2,268
Mnov_gtseq_318,130,1,7,1,6,1,16,15,NA,NA,15,8,NA,2,5,NA,NA,20,3,40,20,18,25,NA,NA,203
Mnov_gtseq_320,130,1,3,NA,NA,12,2,3,NA,NA,2,5,NA,2,1,NA,NA,6,2,23,19,2,23,NA,NA,106
Mnov_gtseq_321,130,14,25,2,29,7,52,66,NA,NA,56,22,NA,22,29,1,NA,58,1,145,51,75,98,NA,3,756
Mnov_gtseq_322,130,NA,5,NA,NA,4,4,8,NA,NA,4,6,NA,3,2,NA,NA,3,NA,20,9,9,21,NA,1,99
Mnov_gtseq_323,130,4,6,1,8,5,29,28,NA,NA,30,17,NA,11,7,NA,NA,47,3,87,50,33,73,NA,NA,439
Mnov_gtseq_324,130,8,NA,NA,11,4,31,1,NA,NA,NA,NA,NA,NA,NA,NA,NA,NA,NA,NA,NA,NA,1,NA,NA,56
Mnov_gtseq_326,130,4,8,NA,2,2,2,11,NA,NA,8,3,NA,4,2,NA,NA,16,1,32,6,10,17,NA,1,129
Mnov_gtseq_327,130,NA,NA,NA,1,6,2,14,NA,NA,5,NA,NA,1,3,NA,NA,10,2,18,9,2,10,NA,NA,83
Mnov_gtseq_328,130,15,28,2,21,5,64,46,NA,1,35,15,NA,13,18,NA,NA,48,7,84,51,38,72,NA,1,564
Mnov_gtseq_33,130,7,23,2,13,4,47,80,NA,3,59,27,NA,27,41,NA,NA,99,7,194,88,77,139,NA,3,940
Mnov_gtseq_332,130,NA,NA,NA,2,8,3,4,NA,1,5,5,NA,2,2,NA,NA,16,NA,30,13,9,29,NA,NA,129
Mnov_gtseq_333,130,11,38,1,27,8,54,67,1,1,39,20,NA,28,38,1,NA,65,4,143,59,50,82,NA,2,739
Mnov_gtseq_334,130,2,8,2,4,12,11,10,NA,NA,9,3,NA,3,6,NA,NA,12,1,17,16,9,18,NA,NA,143
Mnov_gtseq_335,130,7,12,1,11,13,21,16,NA,1,10,7,NA,3,16,NA,1,26,4,46,24,8,24,1,1,253
Mnov_gtseq_337,130,NA,NA,NA,NA,8,2,1,NA,NA,2,NA,NA,NA,NA,1,NA,2,1,7,4,4,3,NA,NA,35
Mnov_gtseq_338,130,NA,1,NA,NA,8,4,1,NA,NA,3,7,NA,2,1,NA,NA,11,2,12,12,8,29,NA,NA,101
Mnov_gtseq_339,130,3,5,1,3,6,12,6,NA,NA,6,6,NA,10,8,NA,NA,18,2,27,27,11,26,NA,NA,177
Mnov_gtseq_340,130,2,2,NA,1,3,1,5,NA,NA,1,1,NA,NA,1,NA,NA,4,NA,9,4,4,3,NA,NA,41
Mnov_gtseq_341,130,21,40,NA,20,1,33,53,NA,NA,42,38,NA,31,22,NA,NA,52,1,103,28,99,42,NA,8,634
Mnov_gtseq_342,130,NA,1,NA,NA,6,NA,2,NA,NA,5,NA,NA,NA,NA,NA,NA,3,NA,1,2,2,6,NA,NA,28
Mnov_gtseq_344,130,4,5,NA,7,5,14,23,NA,NA,23,8,NA,3,9,NA,NA,21,3,54,29,11,47,NA,2,268
Mnov_gtseq_345,130,5,7,NA,9,7,22,17,NA,NA,17,13,NA,6,10,NA,NA,35,6,78,37,27,43,2,NA,341
Mnov_gtseq_346,130,1,1,NA,NA,4,2,3,NA,NA,NA,NA,NA,1,NA,NA,NA,5,NA,6,5,1,5,NA,NA,34
Mnov_gtseq_347,130,2,4,2,1,9,13,18,NA,NA,9,9,NA,7,5,NA,NA,27,2,34,24,14,35,1,1,217
Mnov_gtseq_348,130,NA,NA,NA,NA,5,2,NA,NA,NA,2,1,NA,NA,NA,NA,NA,2,NA,1,1,2,4,NA,NA,20
Mnov_gtseq_350,130,NA,NA,NA,NA,5,NA,1,NA,NA,1,NA,NA,NA,NA,NA,NA,2,NA,2,NA,NA,2,NA,NA,13
Mnov_gtseq_352,130,1,1,NA,NA,4,3,3,NA,NA,3,3,NA,NA,2,NA,NA,8,1,5,3,5,6,NA,NA,48
Mnov_gtseq_353,130,1,3,NA,1,6,11,4,NA,NA,3,3,NA,2,3,NA,NA,3,3,10,6,1,7,NA,NA,67
Mnov_gtseq_354,130,NA,NA,NA,NA,4,NA,1,NA,NA,NA,1,NA,NA,NA,NA,NA,8,NA,NA,1,NA,2,NA,NA,17
Mnov_gtseq_355,130,NA,NA,NA,1,5,NA,NA,NA,NA,NA,NA,NA,NA,NA,NA,NA,2,NA,2,1,NA,NA,NA,NA,11
Mnov_gtseq_356,130,NA,7,1,2,2,9,9,NA,NA,9,7,NA,5,6,NA,NA,20,2,41,21,17,35,1,2,196
Mnov_gtseq_357,130,2,1,NA,NA,5,NA,4,NA,NA,3,1,NA,1,2,NA,NA,4,NA,14,3,2,11,NA,1,54
Mnov_gtseq_358,130,NA,2,NA,1,2,1,3,NA,NA,4,2,NA,2,1,1,NA,6,NA,28,13,2,27,NA,NA,95
Mnov_gtseq_359,130,1,NA,NA,1,10,1,NA,NA,NA,1,2,NA,NA,NA,NA,NA,1,NA,4,2,NA,3,NA,NA,26
Mnov_gtseq_360,130,1,NA,NA,NA,1,3,NA,NA,NA,2,NA,NA,1,1,NA,NA,2,NA,1,NA,1,1,NA,1,15
Mnov_gtseq_361,130,NA,NA,NA,1,5,2,NA,NA,NA,NA,2,NA,1,NA,NA,NA,5,NA,4,4,2,3,NA,NA,29
Mnov_gtseq_363,130,2,2,2,3,5,17,30,NA,NA,20,12,NA,6,9,NA,NA,31,6,76,53,23,35,NA,1,333
Mnov_gtseq_364,130,NA,NA,NA,NA,2,NA,1,NA,NA,NA,NA,NA,NA,NA,NA,NA,NA,NA,1,NA,NA,NA,NA,NA,4
Mnov_gtseq_366,130,2,8,2,8,9,14,16,NA,NA,8,5,NA,5,4,NA,NA,16,3,32,23,14,24,NA,1,194
Mnov_gtseq_368,130,NA,1,NA,NA,2,2,1,NA,NA,1,NA,NA,NA,NA,NA,NA,2,NA,1,4,2,NA,NA,NA,16
Mnov_gtseq_37,130,NA,2,1,1,3,2,12,NA,1,10,6,NA,4,4,NA,NA,19,1,40,32,5,44,NA,NA,187
Mnov_gtseq_370,130,NA,10,NA,8,13,20,11,NA,NA,6,3,NA,2,6,NA,NA,8,2,22,9,9,10,NA,NA,139
Mnov_gtseq_371,130,NA,2,NA,NA,8,1,2,NA,NA,NA,NA,NA,NA,2,NA,NA,5,1,5,2,NA,5,NA,NA,33
Mnov_gtseq_372,130,1,6,NA,NA,9,1,11,NA,NA,6,3,NA,2,5,NA,NA,19,1,32,17,11,17,NA,1,142
Mnov_gtseq_373,130,NA,3,1,NA,5,1,3,NA,NA,1,2,NA,1,3,NA,NA,6,NA,9,1,2,6,NA,NA,44
Mnov_gtseq_374,130,NA,NA,NA,1,3,1,1,NA,NA,NA,NA,NA,1,NA,NA,NA,6,NA,1,3,1,3,NA,NA,21
Mnov_gtseq_376,130,12,NA,2,13,9,50,34,NA,1,12,17,NA,11,3,NA,NA,56,1,53,1,15,NA,2,2,294
Mnov_gtseq_377,130,NA,3,NA,1,5,1,3,NA,NA,9,8,NA,3,1,NA,NA,9,1,23,17,11,22,NA,NA,117
Mnov_gtseq_378,130,3,5,1,2,6,9,7,NA,NA,4,2,NA,2,5,NA,NA,5,1,9,14,9,10,NA,NA,94
Mnov_gtseq_379,130,3,4,1,1,9,11,2,NA,1,2,NA,NA,3,2,NA,NA,8,1,8,7,5,12,NA,NA,80
Mnov_gtseq_38,130,8,37,NA,9,4,38,42,NA,3,62,25,NA,23,20,NA,NA,67,2,172,38,71,95,1,7,724
Mnov_gtseq_380,130,NA,3,NA,1,3,4,6,NA,NA,4,2,NA,NA,1,NA,NA,7,2,29,18,6,20,NA,1,107
Mnov_gtseq_381,130,NA,NA,NA,NA,1,NA,1,NA,NA,1,NA,NA,NA,NA,NA,NA,NA,NA,1,1,NA,1,NA,NA,6
Mnov_gtseq_383,130,NA,NA,NA,NA,2,1,NA,NA,NA,4,NA,NA,1,2,NA,NA,8,NA,2,4,2,8,NA,NA,34
Mnov_gtseq_384,130,22,39,NA,26,17,101,107,NA,NA,88,61,NA,47,57,NA,NA,139,14,253,137,113,198,1,4,1424
Mnov_gtseq_386,130,NA,1,NA,NA,1,NA,NA,NA,NA,NA,NA,NA,NA,NA,NA,NA,3,NA,1,NA,5,2,NA,NA,13
Mnov_gtseq_388,130,NA,NA,NA,NA,1,NA,NA,NA,NA,NA,NA,NA,NA,NA,NA,NA,NA,NA,NA,NA,NA,NA,NA,NA,1
Mnov_gtseq_39,130,25,55,4,32,6,102,76,NA,NA,74,32,NA,36,36,1,1,104,8,201,88,75,100,NA,2,1058
Mnov_gtseq_390,130,1,5,NA,NA,7,7,8,NA,NA,8,3,NA,2,6,NA,NA,15,1,20,14,6,22,NA,1,126
Mnov_gtseq_391,130,11,10,1,12,5,19,23,NA,NA,17,7,NA,9,6,NA,NA,12,1,45,1,NA,1,NA,5,185
Mnov_gtseq_394,130,7,28,1,10,5,59,47,NA,1,41,25,NA,16,28,NA,NA,70,5,127,53,38,62,NA,2,625
Mnov_gtseq_395,130,22,23,3,17,14,58,48,NA,NA,52,15,NA,21,23,NA,NA,76,3,138,52,51,93,1,1,711
Mnov_gtseq_397,130,40,79,NA,72,6,115,131,NA,1,162,61,NA,93,56,NA,NA,129,3,248,135,141,134,NA,16,1622
Mnov_gtseq_398,130,5,18,NA,8,6,37,43,NA,NA,39,27,NA,18,31,NA,NA,52,3,113,72,45,88,NA,5,610
Mnov_gtseq_399,130,22,33,2,30,7,79,70,NA,2,46,23,NA,19,24,1,NA,65,7,143,54,42,91,NA,6,766
Mnov_gtseq_4,130,1,4,NA,1,6,2,1,NA,1,5,7,NA,2,4,NA,NA,6,2,22,7,1,23,NA,1,96
Mnov_gtseq_40,130,5,12,NA,10,7,25,21,NA,NA,21,9,NA,7,8,NA,NA,14,1,38,24,17,32,1,NA,252
Mnov_gtseq_400,130,2,6,NA,3,1,8,14,NA,NA,8,7,NA,5,5,NA,NA,22,1,52,17,6,32,NA,2,191
Mnov_gtseq_401,130,3,19,NA,7,10,37,76,NA,NA,53,54,NA,31,38,1,NA,91,12,227,116,97,188,NA,4,1064
Mnov_gtseq_402,130,3,1,NA,NA,5,NA,5,NA,NA,4,10,NA,1,1,NA,NA,3,NA,16,3,7,9,NA,1,69
Mnov_gtseq_404,130,NA,1,NA,1,NA,NA,3,NA,NA,NA,NA,NA,NA,NA,NA,NA,NA,NA,NA,NA,4,1,NA,NA,10
Mnov_gtseq_405,130,26,31,NA,14,NA,45,38,NA,NA,45,45,NA,28,31,NA,NA,46,2,121,18,100,49,NA,14,653
Mnov_gtseq_406,130,2,1,NA,1,1,4,7,NA,NA,4,3,NA,4,5,NA,NA,8,NA,16,16,5,26,NA,NA,103
Mnov_gtseq_407,130,10,16,NA,10,10,47,61,NA,NA,45,34,NA,15,32,NA,NA,68,2,158,83,44,91,NA,6,732
Mnov_gtseq_408,130,2,1,NA,NA,11,2,NA,NA,NA,4,6,NA,NA,NA,NA,NA,9,1,12,6,1,43,NA,1,99
Mnov_gtseq_41,130,13,21,NA,1,4,15,37,NA,1,58,91,1,30,29,NA,NA,75,4,251,82,130,137,NA,11,991
Mnov_gtseq_410,130,6,9,NA,10,4,22,27,NA,NA,20,11,NA,14,13,NA,1,38,2,74,29,26,37,2,1,346
Mnov_gtseq_413,130,10,36,2,26,7,86,64,NA,NA,57,35,NA,27,26,1,NA,82,5,138,82,49,90,NA,4,827
Mnov_gtseq_414,130,NA,1,NA,NA,1,NA,1,NA,NA,2,5,NA,NA,1,NA,NA,3,1,13,8,4,38,NA,1,79
Mnov_gtseq_415,130,NA,3,NA,4,8,4,2,NA,NA,5,8,NA,1,3,NA,NA,9,NA,17,8,3,18,NA,NA,93
Mnov_gtseq_416,130,30,48,10,62,6,140,91,NA,NA,78,34,NA,35,44,NA,NA,98,12,178,90,71,89,NA,13,1129
Mnov_gtseq_417,130,2,5,NA,1,2,2,9,NA,NA,3,7,NA,2,1,NA,NA,7,4,46,16,8,35,NA,NA,150
Mnov_gtseq_419,130,1,3,NA,4,6,6,5,NA,NA,7,9,NA,4,3,NA,NA,14,1,23,11,14,15,NA,NA,126
Mnov_gtseq_42,130,17,42,1,20,8,57,93,NA,1,57,32,NA,29,49,NA,1,108,7,162,103,68,118,3,7,983
Mnov_gtseq_420,130,1,6,NA,NA,NA,4,6,NA,NA,8,12,NA,NA,10,NA,NA,1,1,54,9,5,42,NA,NA,159
Mnov_gtseq_421,130,3,2,NA,NA,3,2,5,NA,NA,1,NA,NA,1,1,NA,NA,5,3,11,4,5,8,NA,NA,54
Mnov_gtseq_422,130,NA,NA,NA,3,2,NA,4,NA,NA,1,NA,NA,NA,1,NA,NA,6,NA,6,3,3,8,NA,NA,37
Mnov_gtseq_424,130,NA,13,1,2,8,16,11,NA,NA,7,4,NA,4,6,NA,NA,13,2,31,17,12,18,NA,1,166
Mnov_gtseq_426,130,11,31,3,22,4,71,51,NA,NA,43,18,NA,19,20,NA,NA,42,11,130,54,40,52,1,4,627
Mnov_gtseq_43,130,14,35,3,19,3,45,65,NA,NA,42,39,NA,19,31,NA,NA,72,3,121,52,72,83,NA,7,725
Mnov_gtseq_431,130,NA,1,NA,1,5,2,2,NA,NA,2,NA,NA,NA,1,NA,NA,5,1,6,3,2,2,NA,NA,33
Mnov_gtseq_434,130,19,78,2,30,6,103,104,NA,2,95,49,NA,43,47,1,NA,120,6,294,124,96,189,2,8,1418
Mnov_gtseq_437,130,2,1,NA,4,5,2,4,NA,NA,2,4,NA,3,3,NA,NA,13,NA,23,8,8,7,NA,NA,89
Mnov_gtseq_438,130,NA,1,NA,NA,1,NA,NA,NA,NA,NA,1,NA,NA,NA,NA,NA,1,NA,1,NA,NA,7,NA,NA,12
Mnov_gtseq_44,130,NA,NA,NA,NA,NA,NA,NA,NA,NA,8,10,NA,3,NA,NA,NA,5,2,8,4,2,16,NA,NA,58
Mnov_gtseq_440,130,9,44,1,23,8,70,73,NA,1,59,36,NA,35,45,NA,NA,92,8,180,103,85,117,1,6,996
Mnov_gtseq_441,130,7,9,2,8,5,16,10,NA,NA,12,4,NA,5,9,NA,NA,19,2,24,18,9,22,NA,1,182
Mnov_gtseq_442,130,NA,NA,NA,NA,NA,NA,NA,NA,NA,NA,NA,NA,NA,NA,NA,NA,NA,NA,1,NA,NA,NA,NA,NA,1
Mnov_gtseq_444,130,2,1,NA,NA,2,1,3,NA,NA,2,1,NA,4,2,NA,NA,6,NA,6,1,7,3,NA,NA,41
Mnov_gtseq_445,130,2,5,NA,2,6,7,9,NA,NA,7,3,NA,4,6,NA,NA,19,1,22,14,13,10,NA,NA,130
Mnov_gtseq_446,130,1,3,NA,3,3,5,6,NA,NA,1,NA,NA,NA,2,NA,NA,8,NA,3,3,1,6,NA,NA,45
Mnov_gtseq_447,130,5,5,NA,4,9,10,6,NA,NA,6,2,NA,2,3,NA,NA,13,NA,14,7,7,12,NA,NA,105
Mnov_gtseq_448,130,1,1,NA,1,6,1,4,NA,NA,3,3,NA,1,NA,NA,NA,7,2,24,10,4,17,NA,1,86
Mnov_gtseq_45,130,3,6,NA,1,5,7,9,NA,NA,9,14,NA,9,4,NA,NA,10,1,30,6,25,23,NA,3,165
Mnov_gtseq_451,130,9,11,3,15,8,35,36,NA,NA,27,12,NA,12,7,NA,NA,48,6,68,35,26,43,1,2,404
Mnov_gtseq_452,130,1,8,NA,3,8,4,10,NA,2,10,6,NA,3,4,NA,NA,14,4,25,18,12,33,NA,NA,165
Mnov_gtseq_454,130,NA,2,NA,NA,5,3,4,NA,NA,5,1,NA,1,2,NA,NA,5,NA,16,5,3,8,NA,1,61
Mnov_gtseq_46,130,9,30,NA,8,1,9,43,NA,NA,23,20,NA,13,14,NA,NA,42,4,115,44,34,67,NA,3,479
Mnov_gtseq_460,130,5,7,1,9,6,23,18,NA,1,18,11,NA,8,13,NA,NA,38,1,63,33,22,50,NA,1,328
Mnov_gtseq_461,130,35,50,3,53,12,147,137,NA,NA,120,58,NA,62,72,1,NA,132,5,240,118,132,161,1,6,1545
Mnov_gtseq_462,130,NA,NA,NA,2,2,5,5,NA,NA,2,1,NA,1,2,NA,NA,4,NA,11,6,3,6,NA,NA,50
Mnov_gtseq_463,130,1,1,NA,1,1,6,12,NA,NA,5,5,NA,2,1,NA,NA,14,1,26,16,7,18,NA,NA,117
Mnov_gtseq_465,130,1,NA,NA,2,5,2,2,NA,NA,1,NA,NA,NA,NA,NA,NA,1,NA,3,NA,NA,3,NA,1,21
Mnov_gtseq_468,130,7,14,1,9,9,39,54,NA,NA,48,25,NA,9,25,NA,NA,30,4,114,69,54,77,NA,NA,588
Mnov_gtseq_47,130,2,9,NA,1,NA,8,5,NA,NA,7,6,NA,2,3,NA,NA,10,1,38,4,10,23,NA,2,131
Mnov_gtseq_470,130,5,19,NA,6,9,30,35,NA,NA,40,11,NA,14,21,NA,1,49,5,102,60,42,69,NA,3,521
Mnov_gtseq_471,130,NA,NA,NA,NA,5,NA,NA,NA,NA,2,NA,NA,NA,NA,NA,NA,2,NA,5,1,2,3,NA,NA,20
Mnov_gtseq_472,130,3,9,1,12,15,14,24,NA,NA,25,11,NA,10,11,NA,NA,33,3,91,54,14,85,NA,1,416
Mnov_gtseq_473,130,2,1,1,2,4,9,6,NA,1,2,2,NA,1,3,NA,NA,6,NA,3,4,5,7,NA,NA,59
Mnov_gtseq_474,130,12,14,NA,6,22,35,61,NA,1,44,54,NA,13,27,NA,NA,91,9,144,100,65,107,2,2,809
Mnov_gtseq_475,130,6,10,NA,10,6,18,26,NA,NA,12,6,NA,4,11,NA,NA,20,1,52,18,19,38,NA,NA,257
Mnov_gtseq_477,130,18,32,NA,35,1,79,76,NA,NA,68,28,1,25,36,NA,NA,68,5,148,88,69,117,NA,4,898
Mnov_gtseq_478,130,3,7,NA,6,2,17,15,NA,NA,11,10,NA,5,9,NA,NA,20,3,45,19,7,26,NA,1,206
Mnov_gtseq_479,130,6,20,NA,13,7,42,24,NA,NA,28,10,NA,18,21,NA,NA,38,3,61,40,29,46,1,3,410
Mnov_gtseq_48,130,6,9,1,11,6,33,45,NA,2,36,13,1,14,16,NA,NA,47,6,50,28,20,44,1,4,393
Mnov_gtseq_5,130,1,1,NA,NA,2,2,5,NA,NA,1,1,NA,1,2,NA,NA,1,NA,9,4,3,6,NA,NA,39
Mnov_gtseq_50,130,NA,5,NA,6,5,13,18,NA,NA,5,7,NA,3,8,1,NA,17,1,42,29,9,14,NA,1,184
Mnov_gtseq_502,130,2,4,NA,2,8,6,8,NA,NA,12,10,NA,4,6,NA,NA,23,1,47,29,10,59,NA,2,233
Mnov_gtseq_504,130,4,10,NA,4,1,13,14,NA,1,23,13,NA,15,9,NA,NA,16,1,34,19,16,28,NA,NA,221
Mnov_gtseq_506,130,NA,NA,NA,NA,1,NA,1,NA,NA,NA,NA,NA,NA,NA,NA,NA,1,NA,1,NA,NA,NA,NA,1,5
Mnov_gtseq_507,130,3,3,NA,4,6,16,13,NA,1,5,5,NA,1,3,NA,2,11,3,23,18,5,7,1,NA,130
Mnov_gtseq_509,130,1,4,1,NA,5,5,11,NA,NA,12,14,NA,2,4,NA,NA,20,2,44,29,11,57,NA,NA,222
Mnov_gtseq_51,130,NA,2,NA,3,2,2,3,NA,1,2,2,NA,NA,3,NA,NA,11,1,16,11,6,29,NA,NA,94
Mnov_gtseq_511,130,1,4,NA,NA,3,4,9,NA,NA,6,5,NA,1,3,NA,NA,8,2,29,10,10,34,1,1,131
Mnov_gtseq_513,130,28,48,4,60,3,145,101,NA,NA,89,32,1,43,49,NA,1,96,11,199,104,91,112,NA,7,1224
Mnov_gtseq_514,130,3,13,1,7,1,12,26,NA,NA,11,3,NA,4,12,NA,NA,23,NA,36,22,19,18,1,NA,212
Mnov_gtseq_515,130,3,1,NA,NA,2,NA,4,NA,NA,3,3,NA,1,3,NA,NA,2,2,12,1,7,11,NA,1,56
Mnov_gtseq_516,130,NA,NA,NA,NA,NA,NA,NA,NA,NA,NA,NA,NA,NA,NA,NA,NA,NA,NA,NA,NA,2,NA,NA,NA,2
Mnov_gtseq_517,130,NA,NA,1,1,2,2,1,NA,NA,1,3,NA,NA,2,NA,NA,3,NA,4,2,1,8,NA,NA,31
Mnov_gtseq_518,130,7,26,1,23,5,45,30,NA,NA,23,12,NA,9,16,1,NA,36,3,62,31,21,37,NA,1,389
Mnov_gtseq_520,130,8,10,NA,4,2,14,16,NA,NA,13,10,NA,11,6,NA,1,16,NA,36,13,27,31,NA,1,219
Mnov_gtseq_521,130,1,7,NA,1,1,5,2,NA,NA,2,4,NA,3,NA,NA,NA,4,NA,6,1,3,2,NA,NA,42
Mnov_gtseq_522,130,5,2,1,4,7,9,10,NA,NA,5,1,NA,4,3,NA,NA,10,NA,12,13,4,15,NA,NA,105
Mnov_gtseq_523,130,2,11,1,5,1,10,11,NA,NA,4,1,NA,5,3,1,NA,8,2,19,14,4,16,NA,1,119
Mnov_gtseq_526,130,NA,NA,NA,NA,NA,2,1,NA,NA,NA,NA,NA,NA,NA,NA,NA,1,NA,3,NA,NA,1,NA,NA,8
Mnov_gtseq_529,130,1,1,NA,NA,1,NA,NA,NA,NA,1,NA,NA,NA,NA,NA,NA,NA,NA,2,NA,NA,NA,NA,NA,6
Mnov_gtseq_53,130,5,16,NA,11,5,16,17,NA,NA,20,8,NA,10,9,1,NA,29,1,70,39,27,49,NA,NA,333
Mnov_gtseq_530,130,NA,5,NA,3,6,3,9,NA,1,4,2,NA,1,3,NA,NA,8,2,29,18,4,23,1,2,124
Mnov_gtseq_532,130,NA,1,NA,NA,3,1,2,NA,NA,1,NA,NA,NA,1,NA,NA,4,NA,4,5,3,7,NA,NA,32
Mnov_gtseq_533,130,3,12,1,10,7,16,28,NA,1,27,6,NA,6,13,NA,NA,28,1,50,42,24,40,NA,NA,315
Mnov_gtseq_535,130,1,3,NA,1,4,9,7,NA,NA,NA,1,NA,NA,NA,NA,NA,NA,2,7,4,2,3,NA,NA,44
Mnov_gtseq_536,130,NA,NA,NA,NA,1,NA,NA,NA,NA,NA,NA,NA,NA,NA,NA,NA,NA,NA,1,NA,NA,1,NA,NA,3
Mnov_gtseq_539,130,3,3,NA,4,NA,2,3,NA,NA,12,7,NA,4,3,NA,NA,8,NA,32,14,7,24,NA,1,127
Mnov_gtseq_54,130,3,7,1,1,3,10,8,NA,NA,13,7,NA,3,9,NA,NA,15,NA,40,13,11,34,NA,1,179
Mnov_gtseq_541,130,67,45,81,166,77,214,93,NA,NA,88,22,NA,33,36,6,12,69,5,131,59,59,60,40,8,1371
Mnov_gtseq_543,130,1,5,1,4,3,12,9,NA,NA,9,NA,NA,5,3,NA,NA,11,NA,20,12,7,16,NA,2,120
Mnov_gtseq_544,130,2,4,NA,8,6,21,9,NA,NA,3,1,NA,3,5,NA,NA,7,1,25,3,8,20,NA,NA,126
Mnov_gtseq_545,130,2,4,NA,6,5,8,14,NA,NA,4,1,NA,3,5,NA,NA,12,1,34,10,7,10,NA,NA,126
Mnov_gtseq_546,130,NA,1,2,1,9,6,2,NA,NA,2,NA,NA,2,NA,NA,NA,4,1,3,1,1,2,NA,1,38
Mnov_gtseq_547,130,9,36,1,18,16,53,43,NA,1,37,17,NA,16,10,NA,NA,48,2,96,60,31,55,NA,1,550
Mnov_gtseq_548,130,1,3,NA,2,7,8,7,NA,NA,6,4,NA,7,NA,NA,NA,7,1,22,7,8,23,NA,NA,113
Mnov_gtseq_549,130,1,3,NA,NA,4,3,7,NA,1,7,1,NA,2,3,NA,NA,16,1,15,6,4,18,NA,NA,92
Mnov_gtseq_55,130,3,8,NA,1,3,7,12,NA,NA,19,19,NA,9,6,NA,NA,20,2,55,21,22,43,NA,2,252
Mnov_gtseq_550,130,2,1,NA,NA,3,NA,NA,NA,NA,NA,4,NA,NA,NA,NA,NA,1,NA,4,NA,3,3,NA,NA,21
Mnov_gtseq_553,130,NA,1,NA,NA,2,NA,1,NA,NA,2,2,NA,1,NA,NA,NA,NA,NA,2,NA,NA,2,NA,NA,13
Mnov_gtseq_56,130,11,14,NA,2,NA,10,18,NA,NA,23,44,NA,11,7,NA,NA,20,1,56,15,50,33,NA,3,318
Mnov_gtseq_57,130,38,61,NA,16,2,53,69,NA,2,80,128,NA,93,48,NA,NA,77,3,165,26,270,68,2,32,1233
Mnov_gtseq_58,130,NA,8,NA,1,7,4,17,NA,NA,6,10,NA,3,5,NA,NA,13,3,77,33,19,80,NA,3,289
Mnov_gtseq_6,130,1,2,NA,1,8,2,12,NA,1,6,7,NA,5,3,NA,NA,15,2,32,29,11,57,NA,NA,194
Mnov_gtseq_60,130,1,11,NA,3,3,12,14,NA,NA,9,6,NA,6,15,NA,NA,24,NA,44,26,16,45,NA,1,236
Mnov_gtseq_61,130,10,22,NA,20,4,48,59,NA,NA,39,16,NA,25,21,NA,NA,56,8,121,56,29,87,NA,5,626
Mnov_gtseq_62,130,14,NA,1,NA,NA,20,40,NA,5,NA,33,NA,23,36,NA,NA,NA,NA,119,NA,NA,74,NA,4,369
Mnov_gtseq_63,130,10,13,NA,1,NA,8,13,NA,NA,13,21,NA,13,5,NA,NA,10,NA,34,4,30,29,NA,1,205
Mnov_gtseq_64,130,19,49,NA,15,6,54,73,NA,2,65,54,NA,49,32,NA,NA,88,NA,189,55,127,123,NA,9,1009
Mnov_gtseq_65,130,9,35,NA,10,4,31,65,NA,2,50,23,NA,25,30,NA,NA,39,2,130,44,68,95,1,5,668
Mnov_gtseq_66,130,13,19,1,12,5,20,23,NA,NA,23,16,NA,13,15,NA,NA,32,NA,56,15,35,39,1,3,341
Mnov_gtseq_67,130,58,127,1,92,3,245,174,NA,1,201,81,NA,85,109,NA,NA,227,12,448,214,178,249,NA,25,2530
Mnov_gtseq_68,130,5,5,NA,4,11,11,30,NA,NA,25,17,NA,9,4,NA,NA,28,7,85,33,26,66,NA,3,369
Mnov_gtseq_69,130,5,18,NA,7,5,21,31,NA,NA,21,10,NA,7,19,NA,1,42,7,69,41,29,72,NA,1,406
Mnov_gtseq_70,130,2,7,1,4,15,14,25,NA,NA,21,16,NA,8,8,NA,1,26,2,60,38,23,64,NA,1,336
Mnov_gtseq_71,130,9,19,2,10,7,32,45,NA,1,25,13,NA,11,23,NA,NA,48,5,101,53,40,81,NA,4,529
Mnov_gtseq_72,130,60,110,6,105,12,222,181,NA,NA,193,64,1,80,94,NA,1,194,6,350,143,167,184,2,23,2198
Mnov_gtseq_73,130,25,63,NA,23,3,96,125,NA,NA,102,64,2,52,60,1,NA,163,7,336,134,141,189,NA,2,1588
Mnov_gtseq_74,130,9,10,1,8,15,33,29,NA,NA,21,9,NA,6,8,NA,NA,37,10,42,34,18,28,4,2,324
Mnov_gtseq_75,130,6,32,NA,16,9,59,69,NA,NA,30,23,NA,11,26,NA,NA,50,3,122,20,25,82,NA,4,587
Mnov_gtseq_79,130,1,2,NA,3,4,13,8,NA,3,18,19,NA,NA,2,NA,NA,19,1,106,37,28,115,NA,2,381
Mnov_gtseq_8,130,12,13,NA,10,2,16,60,NA,1,37,36,1,33,34,NA,NA,42,3,89,38,52,116,NA,5,600
Mnov_gtseq_80,130,3,1,NA,7,7,6,5,NA,NA,10,4,NA,5,8,NA,NA,17,3,20,14,9,12,1,1,133
Mnov_gtseq_81,130,1,8,NA,6,12,12,43,NA,NA,41,18,1,11,20,NA,NA,73,10,70,41,16,60,NA,1,444
Mnov_gtseq_82,130,12,7,NA,5,4,21,42,NA,NA,18,14,NA,7,9,NA,NA,18,NA,68,15,34,42,NA,NA,316
Mnov_gtseq_83,130,24,50,NA,27,NA,63,91,NA,2,83,44,NA,39,41,NA,NA,112,3,207,91,90,122,1,4,1094
Mnov_gtseq_84,130,11,22,1,15,2,36,47,NA,1,24,19,NA,14,26,NA,NA,50,7,86,58,38,66,1,1,525
Mnov_gtseq_86,130,11,22,2,21,3,50,46,NA,NA,23,23,NA,24,21,NA,NA,46,3,93,64,30,46,NA,3,531
Mnov_gtseq_88,130,2,11,NA,6,1,3,1,NA,1,2,3,NA,15,7,NA,NA,2,NA,50,5,5,11,NA,NA,125
Mnov_gtseq_90,130,32,93,3,98,10,192,141,NA,NA,153,58,NA,63,85,1,NA,175,17,364,161,110,197,1,11,1965
Mnov_gtseq_91,130,97,105,1,56,8,147,173,NA,7,214,146,NA,180,110,NA,NA,320,9,422,139,432,220,1,72,2859
Mnov_gtseq_92,130,2,10,1,4,11,19,39,NA,NA,31,29,NA,14,21,NA,NA,52,4,156,94,48,130,NA,2,667
Mnov_gtseq_93,130,4,13,NA,2,8,9,18,NA,NA,7,4,NA,3,6,NA,NA,14,NA,19,12,9,17,NA,NA,145
Mnov_gtseq_94,130,4,19,NA,2,2,17,41,NA,1,55,60,NA,31,24,NA,NA,47,1,147,44,118,120,NA,10,743
Mnov_gtseq_97,130,38,113,5,91,4,272,259,NA,3,2,140,2,116,137,NA,NA,300,9,475,311,274,283,3,8,2845
Mnov_gtseq_98,130,26,62,2,17,5,77,126,NA,2,127,65,NA,51,50,NA,NA,99,9,345,82,121,164,NA,11,1441
Sum,,2504,4981,320,3634,1932,9612,9751,2,114,8453,5194,14,4244,4956,35,30,11745,911,24297,11586,10595,16466,124,880,